,sp_01,sp_02,sp_03,sp_04,sp_05,sp_06,sp_07,sp_08,sp_09,sp_10,sp_11,sp_12,sp_13,sp_14,sp_15,sp_16,sp_17,sp_18,sp_19,sp_20,sp_21,sp_22,sp_23,sp_24,sp_25,sp_26,sp_27,sp_28,sp_29,sp_30,sp_31,sp_32,sp_33,sp_34,sp_35,sp_36,sp_37,sp_38,sp_39,sp_40,sp_41,sp_42,sp_43,sp_44,sp_45,sp_46,sp_47,sp_48,sp_49,sp_50
Sample_001,0.06386736258610765,0.0,0.7547934175901997,0.0,0.0,0.0,0.0,0.0,0.0,0.0,0.0,0.0,0.0,0.0,0.0,0.0,0.0,0.0,0.0,0.0,0.0,0.0,0.7654614328366369,0.0,0.0,1.1141153854972288,0.0,3.9426899437596665,0.0,0.0,1.0805466418373426,0.0,0.0,0.0,0.0,0.0,0.0,0.0,0.0,0.0,0.0,0.0,1.3753185569276944,0.0,0.0,0.0,0.0,0.0,0.10570217476078496,0.0
Sample_002,4.777721902178681,0.0,0.0,0.0,0.0,0.0,0.0,0.0,0.5426663446716116,2.6054978569846323,0.0,0.0,0.0,0.0,0.1892583176232419,0.0,0.0,0.0,0.0,0.0,0.0,0.0,0.0,0.0,0.0,0.0,0.0,0.0,0.0,0.0,0.0,0.0,0.0,0.0,0.0,0.0,3.3989681452784426,1.6202647213730161,0.0,0.0,0.0,0.0,0.0,2.0053398389657695,0.0,0.8591352316232879,0.0,0.0,0.0,0.0
Sample_003,0.0,0.0,0.0,0.0,0.0,0.0,0.0,0.0,0.0,0.0,1.5913956922778634,0.0,0.0,0.0,2.4908345777970777,0.0,0.0,0.0,0.0,0.0,0.0,0.0,0.19671412289682097,0.0,0.0,0.0,0.0,0.0,0.0,0.0,0.0,0.0,1.72031180528317,0.0,0.0,0.0,0.0,0.0,2.073937572590548,0.0,0.0,0.0,0.0,0.0,0.0,5.2710469146637795,0.0,0.0,6.627470952260411,0.0
Sample_004,0.0,0.0,0.0,0.0,0.37143723259150957,0.0,0.0,0.0,1.688224672871311,0.0,0.0,0.0,0.0,1.4609906499630074,4.197217275801589,0.0,0.0,0.0,0.0,0.0,0.0,0.0,4.03590009473583,0.0,1.4321864738658074,0.0,0.0,2.0994381497756005,0.0,0.0,0.0,0.0,0.9418735774551127,0.1973920783747211,0.0,0.0,0.0,0.0,0.0,0.0,0.0,0.0,0.0,0.0,0.0,1.4773071765580312,2.9392958808914704,0.0,0.0,0.17842205797979457
Sample_005,0.10613019182061881,0.04821133880393749,0.0,2.0290748964092318,0.0,0.0,1.4525822384607125,0.0,3.1713079594653726,0.0,1.1559668625466026,0.0,0.05135521908294876,0.0,0.0,0.0,0.0,0.0,0.0,0.0,0.0,0.0,2.158780699393597,0.0,0.0,0.0,0.0,0.0,0.0,0.569322584548127,0.0,0.0,0.0,0.0,0.0,0.0,0.0,0.0,0.0,0.2059138368956265,0.0,0.0,0.0,0.0,1.0166732291664138,0.0,0.0,0.09272464804106946,0.0,0.0
Sample_006,0.0,0.0,0.0,0.35570573753461465,0.0,0.0,0.0,0.0,0.0,0.0,0.9826013844478145,2.061654315689964,1.2259119481021825,1.5776287211526403,0.0,0.0,6.498183723013508,0.0,0.0,0.0,0.0,0.03677977569446741,0.0,0.0,0.14769925389285404,0.0,0.0,0.0,3.369061012371917,0.0,0.0,0.0,0.0,4.1988316281738935,2.6565871575288007,0.0,0.0,0.39066659208089394,2.7775127920108496,3.288418366486839,9.314009780280461,0.0,0.0,0.0,0.0,0.0,0.0,0.0,0.0,0.0
Sample_007,0.0,0.0,0.0,0.0,0.7714708523290166,0.0,0.0,0.0,0.0,0.0,0.0,0.0,0.0,0.0,1.9984601607810493,1.1900293272457152,0.0,0.0,0.0,0.0,0.0,0.0,0.0,0.0,0.0,1.5949226313907858,0.0,4.373237328441602,0.0,0.24901195510490173,0.0,0.0,0.0,0.0,0.17571104333721016,0.0,0.0,0.0,0.0,0.0,0.0,0.0,0.9376751651045792,0.926110520950625,0.0,0.0,0.0,0.0,0.0,0.17438798739591452
Sample_008,0.0,1.634720815122986,1.1040662506099475,4.736475350956181,0.2357604159437605,0.0,0.0,0.0,0.0,0.0,0.0,0.0,2.7411954351929455,1.751107554405737,0.0,0.0,0.0,0.0,0.0,0.0,0.0,7.0050538457589635,0.08823799723700379,0.0,0.0,0.0,0.0,0.0,0.0,0.0,0.0,0.0,0.0,0.0,0.0,4.628465538965295,0.0,0.6596854517975169,0.0,0.0,0.0,0.0,0.0,0.0,0.0,0.0,0.0,0.0,0.0,0.0
Sample_009,0.0,0.0,0.0,0.0,0.0,0.0,0.0,0.0,0.0,0.0,0.0,0.0,0.0,0.0,0.0,0.0,0.0,0.0,0.0,0.0,0.0,0.0,7.007417108751925,0.0,0.0,0.0,0.0,0.0,0.11605392768967243,0.0,0.0,0.0,11.389746801488666,0.0,0.0,0.0,0.0,0.0,0.0,0.0,0.0,0.0,0.0,0.0,1.9253408694861434,0.0,0.24107824279693854,2.226882567038204,0.0,0.0
Sample_010,0.0,0.0,0.0,0.0,0.0,0.0,0.0,0.05841004286418937,0.0,1.9367979341213593,0.0,0.47896298698688694,0.0,0.0,0.0,0.0,0.9959637351223014,0.0,4.690123045962883,0.0,0.0,3.0617434754394033,0.0,0.0,3.9662812873686133,5.972380830749335,0.31816375862967194,5.223325526084158,0.0,0.5974709087027915,0.0,7.827306195161183,0.0,0.0,0.0,0.0,0.0,0.2759504394248317,0.27403684813401424,0.0,0.0,0.0,0.0,0.0,4.5419482502567154,0.0,0.0,0.0,0.0,0.0
Sample_011,0.0,0.0,0.0,0.18577181572073515,0.0,0.0,0.0,0.905962231021837,0.0,2.3449148680250844,0.0,0.0,0.0,0.0,0.0,0.0,0.1260456551203268,0.6483536862573016,0.0,0.0,0.0,0.0,0.0,1.3253251293372288,1.926003668117104,0.0,1.2417822184418352,0.0,0.0,0.0,0.0,0.0,0.0,0.0,0.0,1.1862864921671017,0.0,0.0,0.0,0.0,0.0,0.7774495225122715,0.0,0.7934984604639653,0.0,0.0,1.8007976277591196,2.2732659157860633,3.1134180647555825,0.0
Sample_012,0.1818641890349117,0.17241750200600386,1.7678461157427472,0.0,0.0,0.27296933345862445,0.0,0.0,0.0,0.0,0.0,0.0,1.8616660169344186,0.0,0.0,0.0,0.0,0.0,0.0,0.0,0.380804867325774,0.0,0.0,0.0,0.0,0.0,0.2376546913948098,0.0,0.0,0.0,0.0,0.5965501670670093,0.0,0.0,0.0,0.0,0.0,0.0,0.0,0.0,0.0,0.0,1.416969925289397,0.0,0.2439665442882709,1.886399314858713,0.6811267368730836,0.0,0.0,0.0
Sample_013,0.0,0.0,0.0,0.2886986536638632,0.0,0.0,0.0,0.0,0.0,0.0,0.0,0.0,1.2757132880905435,0.0,0.8580866034079496,0.0,0.0,0.0,0.0,0.0,0.0,0.0,0.0,2.702786306377244,0.0,0.0,0.0,0.0,0.0,0.0,0.0,3.3702065651280173,0.0,0.0,0.0,0.0,0.0,0.0,0.0,0.0,0.0,0.0,0.0,0.0,0.0,0.0,0.9686634847174226,1.568564764355527,0.0,0.0
Sample_014,0.0,0.0,0.0,0.0,0.0,0.0,0.0,0.0,0.0,0.0,0.0,0.0,0.0,0.0,0.0,0.0,0.0,0.0,0.0,0.0,0.0,0.0,0.0,0.0,0.0,0.0,0.0,0.0,0.0,0.0,2.368003418175234,0.0,0.5801673985188198,0.0,0.0,0.0,0.0,0.0,0.0,0.0,0.0,0.0,1.4099888815863546,0.0,0.0,0.0,0.0,0.0,0.0,0.0
Sample_015,0.0,0.3310210182482434,0.0,1.86644171406803,1.1037490078456422,0.0,0.0,0.0,0.0,0.0,0.0,0.0,0.0,5.072615881926552,0.0,0.0,1.7894275736581498,0.0,0.0,0.0,0.0,0.0,0.8114277931803374,0.0,0.0,0.0,0.0,0.8522129719169905,2.675017903331131,0.0,0.0,0.0,0.0,0.0,0.0,1.085752432512014,0.0,0.9000691660794565,0.0,0.0,0.026361889651318453,0.0,0.3921172803984964,0.0,0.0,1.0710022290732137,0.0,11.536163230301518,1.3950937313164522,0.0
Sample_016,0.0,0.0,0.0,0.0,0.0,0.0,0.0,0.0,1.664088207352361,0.0,2.9880051871967446,0.0,0.0,0.0,0.0,1.6403269142757495,0.0,0.0,0.0,0.0,0.0,0.0,0.0,0.0,0.05142829746529406,0.0,0.0,0.0,0.0,0.50198594773341,0.0,0.0,0.0,0.0,0.0,0.0,0.0,0.0,0.20948006696974264,0.0,2.5621896261940638,0.0,3.5465019999511287,0.0,0.0,0.0,0.0,0.0,0.0,0.0
Sample_017,0.0,0.0,0.0,0.0,0.0,0.0,0.0,0.0,0.6006525042945571,0.0,0.0,0.0,0.0,1.0532720785596223,1.606134733029689,0.0,0.0,0.0,0.0,0.0,0.0,0.0,0.0,0.0,0.0,0.0,0.6258010955529734,0.0,0.0,0.5965093598578778,0.3001488376614311,0.0,0.0,0.0,0.0,0.0,0.037123774821532014,0.0,0.0,0.0,0.0,0.0,0.0,0.0,0.0,0.0,0.0,4.605543057706363,0.0,1.819688620392985
Sample_018,0.0,0.0,0.0,0.0,1.085219268692636,0.9662215986557369,0.0,0.0,0.0,2.6790781808479265,0.0,0.0,0.0,0.0,0.681304383908292,0.0,0.0,0.0,0.0,0.0,0.0,5.523843295025938,0.0,0.0,0.0,0.0,1.8081213037461945,0.0,0.0,0.0,0.0,0.0,0.22543782952935598,0.0,0.0,0.0,0.0,0.0,0.5657925075170632,0.0,0.0,0.0,0.6353072299760641,0.0,0.8956199511596441,0.0,4.985399687075283,0.0,0.0,0.0
Sample_019,0.0,0.0,0.0,0.0,0.0,2.1504754303408053,0.0,3.783543976100559,0.0,0.0,0.0,0.0,5.766927574640829,0.0,2.445463126391458,5.187167114950511,0.0,1.6784058352918045,0.0,0.06907104708842363,0.0,0.0,5.164497342711352,0.0,0.0,0.0,0.0,0.0,0.7686810430390687,0.0,0.0,0.0,0.0,0.0,0.0,2.383355899376474,0.0,0.0,0.13517987097894865,0.0,0.0,0.0,0.7676592140803179,0.0,0.0,0.0,0.0,0.0,0.0,0.0
Sample_020,0.0,0.0,0.0,3.2067450460462505,12.364388821694652,0.0,0.0,1.0280980052458817,0.0,0.0,0.0,0.0,2.92439422067845,1.0817683871822836,0.0,0.0,0.0,0.0,0.0,0.0,0.0,0.5321223319189935,0.0,0.0,0.0,0.0,0.0,0.0,0.0,5.989912507479552,3.0867855637511723,0.0,0.0,0.0,0.0,0.0,1.900788345152873,0.0,0.0,0.0,5.720018662987776,0.0,0.0,0.0,0.0,0.0,0.0,0.41266692710910036,0.0,0.8619512821461487
Sample_021,0.0,6.954168433053549,0.0,0.0,0.0,0.0,0.0,0.0,0.0,0.0,0.0,0.0,0.0,0.0,0.0,1.7354116910589348,0.19189180594202748,0.0,0.0,0.0,0.0,0.0,0.0,0.0,0.0,0.0,0.18200979350470162,0.0,0.0,0.6015448469525689,0.0,0.0,0.0,0.0,0.0,0.0,0.0,1.3669740886241568,0.0,1.7949761531761497,0.0,0.8548362678904304,0.0,0.0,0.0,0.0,0.0,0.0,3.802011437083213,4.03924127644106
Sample_022,0.0,0.0,0.0,0.0,1.9278728380443764,0.0,0.345388350922558,0.0,0.0,0.0,0.0,0.0,0.8162939650186172,0.0,0.0,0.0,0.0,0.0,0.0,0.0,1.919058988727477,0.0,1.9983314981781268,0.0,2.010275055883101,0.0,0.0,0.22629403459165812,0.0,0.0,0.0,0.8367121799782223,0.0,0.0,0.0,5.536507853677537,0.0,0.0,0.0,0.0,0.0,0.0,0.0,0.0,0.0,0.0,7.260388750288683,0.0,0.0,0.27872239766761153
Sample_023,0.0,0.0,0.0,0.0,1.3413753498433603,2.9428978451677135,0.0,0.0,0.0,0.0,0.0,0.0,0.0,0.0,2.3662644760731477,0.0,0.0,0.0,0.0,0.0,0.0,0.0,0.0,5.751136865599309,0.0,0.0,0.0,0.6410034601337625,0.0,0.0,0.0,0.0,0.0,0.0,0.0,0.0,0.0,1.2819062294056274,0.0,0.0,0.0,2.997554609348595,0.0,0.0,0.0,0.0,0.0,0.0,0.0,1.9176153788615604
Sample_024,0.0,0.0,0.24955832834801606,0.2674874982326768,0.0,1.1253114398483806,0.0,0.0,0.13272610158691933,0.0,0.0,0.0,0.0,0.0,0.0,0.15041044461339573,0.0,0.0,1.8326842069838267,0.0,0.0,0.0,0.0,0.0,0.0,0.0,0.0,0.0,0.30745780434611725,0.0,0.0,0.0,1.6403648480762212,0.0,0.7904196719957203,0.0,0.18393783420810145,0.0,0.0,0.0,0.0,0.0,0.0,0.0,0.0,0.0,0.0,0.0,0.0,0.0
Sample_025,0.0,0.0,0.0,0.0,0.0,0.0,2.5041349457440525,0.0,0.0,0.0,0.0,0.0,0.0,3.3997952193310375,1.2041219438700927,0.0,0.0,0.0,0.0,0.12450006263803015,0.0,0.0,0.0,0.0,7.448205618868187,0.0,0.0,0.0,2.1500324106830373,0.0,1.6209965982312413,0.0,0.5187198913734135,0.0,0.0,0.0,0.0,0.0,0.14987474366858658,0.0,0.0,0.0,0.0,2.597805957635778,0.0,1.1084871588148277,0.8490970653789652,0.0,0.0,0.08187148408785734
Sample_026,0.0,0.0,0.0,0.0,0.0,0.0,0.0,1.0953974027080495,0.0,0.0,0.0,0.0,0.0,0.0,0.0,0.0,0.0,4.79450641257849,0.0,0.5424191833743239,7.108354077723023,0.0,0.0,0.0,0.5679939399887409,0.0,0.0,0.0,0.0,0.0,0.0,0.0,0.0,0.0,0.0,0.0,0.0,0.2805335592202735,7.0012209088488,0.0,0.0,0.0,0.0,0.0,0.0,0.0,0.0,0.0,0.0,0.0
Sample_027,0.0,0.0,0.07472145601896547,0.0,2.180125050294198,0.0,0.0,0.0,0.0,0.0,0.0,0.0,0.0,0.0,0.0,0.0,0.08027683281876447,0.0,0.0,0.0,0.0,0.0,0.08492346600210339,0.0,8.629502169066757,0.0,0.0,0.0,0.0,0.0,0.0,0.0,1.34217099901772,0.0,0.30083490841891436,0.0,0.0,2.439396695081679,0.4509261088732207,0.0,0.0,0.0,0.0,0.0,0.0,0.3899621981172876,2.3593797527607077,0.0,0.0,2.299272469969244
Sample_028,0.0,0.0,0.0,0.0,0.06171663546781039,0.0,0.0,0.0,0.4858639960360479,2.1510739873361775,0.0,0.0,0.0,0.0,0.0,0.0,0.0,0.0,0.0,3.050060113868585,0.0,0.0,4.215938201916679,0.0,0.0,0.0,0.0,0.0,0.0,1.143924993483773,0.0,0.0,0.0,0.0,0.0,0.0,0.0,0.0,0.0,0.0,0.5424212974639558,0.0,0.0,0.0,0.0,0.0,0.0,0.0,0.0,3.98042544378951
Sample_029,0.0,1.3047087830304989,0.0,0.0,0.0,1.0177310283959984,1.7358221097305413,0.0,0.0,0.0,0.0,0.0,6.225597450008411,0.0,0.0,0.0,0.0,0.0,0.0,5.235538332447438,0.0,0.0,0.0,0.0,0.0,0.0,0.0,0.7342875743225572,0.0,0.0,0.7459213915069051,0.0,2.5186234492962027,0.0,0.0,0.2599579190428011,0.39970713544427744,0.0,0.0,0.0,2.469181998879371,0.0,1.6754777451362937,0.0,0.0,0.0,0.0,1.5980224999872223,0.0,2.0056119671487047
Sample_030,0.0,0.0,3.4206044294154583,0.0,0.0,0.0,1.8882541294190607,1.0587548646671545,0.0,4.605632707425712,0.0,0.0,3.0330385915848974,0.0,3.45885785103807,0.0,0.0,0.0,0.0,0.0,0.0,0.0,0.0,0.0,0.0,0.0,0.0,2.0542853760991746,0.0,1.5823908267671314,0.0,0.0,1.805152095078644,0.0,0.0,0.0,0.0,0.0,0.0,0.0,0.0,9.47877361572874,0.0,0.0,2.5771655313470845,0.0,0.0,0.0,0.0,0.0
Sample_031,0.0,0.7812659858951616,0.5140636601912666,0.8769984696208415,0.0,0.0,0.0,0.0,0.0,0.0,4.241845632979484,0.0,0.0,0.7841120849682921,0.0,0.0,0.0,0.0,1.6319110219359625,0.0,0.0,0.0,0.0,0.0,0.0,0.0,0.0,0.0,0.0,0.0,2.8225133170849133,0.8541075229709083,0.0,3.1738852858327005,0.0,0.0,0.0,0.0,0.0,0.0,1.5528711975982454,3.6907419841239433,0.0,0.0,0.0,0.0,0.0,0.0,0.0,2.467110138187218
Sample_032,0.0,0.0,0.0,0.0,0.18344728114475525,0.0,1.613986037526363,0.7291962438952043,0.0,0.0,1.835555340441584,1.4500165040908792,0.0,0.0,0.0,0.0,0.0,5.335598921177708,0.0,0.0,0.0,0.0,0.0,3.279025316714895,0.0,0.0,0.0,0.0,0.0,0.0,0.0,0.0,0.0,0.0,0.2843364175331189,0.0,0.0,0.0,0.0,0.0,0.0,0.0,0.0,0.31652422209052206,0.0,0.0,0.0,0.2904360646571272,6.599906679954215,0.0
Sample_033,0.0,0.0,0.0,0.0,0.0,0.0,2.0478984087949854,0.4867899239966613,0.0,0.0,0.32980790310889285,0.0,0.0,0.0,0.0,0.0,0.0,0.0,0.0,0.0,0.0,0.2588168120480187,0.0,0.0,0.0,0.0,0.0,0.0,0.0,0.0,0.0,0.0,0.0,0.0,0.0,0.0,0.0,0.0,0.0,0.0,0.0,0.0,0.0,0.022185120043067726,1.0762360528819508,0.0,0.0,0.0,0.0,0.0
Sample_034,0.0,0.48465751215378755,0.0,0.0,0.0,0.0,6.416695100382467,1.338291248222336,0.232474908390385,0.0,0.0,0.0,0.0,0.0,0.0,0.0,0.0,0.0,0.0,0.0,0.0,0.0,0.0,0.0,3.0920192609113952,0.0,0.0,0.0,0.5878580804979554,0.0,0.0,0.0,0.0,0.0,0.0,4.509833796118041,2.0248857840085424,0.0,0.0,0.0,0.325435547513243,0.0,1.4357894646508567,0.0,0.0,0.17720786933695706,0.0,0.0,0.0,0.0
Sample_035,0.0,0.0,0.0,0.7034759624601976,0.8606529013337602,0.0,0.0,0.0,0.0,0.0,2.1594008200670256,2.8910075984474317,0.0,0.0,0.0,0.0,0.0,0.0,0.0,0.0,0.46055603791180705,0.0,0.0,0.0,2.065111267127418,0.0,0.0,6.914823059507108,0.0,0.0,0.0,1.84201160893896,0.0,2.757233256410029,0.0,0.0,0.0,0.0,0.0,0.0,0.0,0.0,1.157513081846666,0.0,5.7320707675603915,0.0,0.2590818760099047,0.43997330378772953,0.0,2.0758481621524556
Sample_036,0.0,3.385062375549441,3.951893478399391,0.0,0.0,0.0,0.0,0.0,0.0,0.0,2.9962175077311857,0.0,0.39064039524789174,1.5750340483844092,0.0,0.0,0.0,0.0,0.0,0.0,3.4051395613916924,0.0,0.0,0.0,2.639527237294353,1.56280828990759,1.7848930091400645,0.0,0.0,1.664919614936311,0.0,0.0,0.0,0.0,0.0,0.0,0.0,0.0,0.0,0.0,0.0,0.0,0.0,0.0,0.0,0.0,0.0,0.4165708012669001,0.0,0.0
Sample_037,0.0,0.010486671668489952,0.0,0.0,0.0,0.0,0.0,0.0,0.0,0.0,0.7294263726977145,0.0,0.0,0.9187115365375602,1.190628121020739,2.5607787424898194,4.346551358926028,1.7981020573572335,0.0,1.0641728863006745,2.3789445375116887,0.0,0.0,0.8785392234594991,0.0,0.19520501797971207,0.0,0.0,0.0,0.0,0.0,0.0,0.0,0.0,0.0,0.0,0.0,0.0,0.0,0.0,0.0,0.0,0.0,2.4598187680415684,3.1081479929471953,1.4565916664303762,0.0,0.0,0.0,0.0
Sample_038,0.18554774320512346,0.0,0.0,0.0,12.810945761268286,5.409511208808631,0.0,1.0937626198971955,0.0,3.0803052694861854,0.25188892897206805,1.0549431023394578,0.0,0.0,0.0,0.0,0.40784947590070186,0.0,0.0,0.0,0.0,0.0,0.0,0.0,0.0,5.649592072317046,0.0,1.1230340328371808,0.0,0.0,0.0,0.0,0.0,0.0,0.0,0.0,0.0,0.0,0.0,2.615027202630076,0.0,0.0,1.884372025833694,0.0,2.783619775654699,0.0,6.275265571920649,0.0,0.11749405364967493,0.0
Sample_039,0.0,0.0,0.0,0.0,0.0,2.849224507194322,0.0,2.9985727965169193,0.0,1.3371869842074735,0.06838304987589966,0.0,4.738250236290968,0.29989159809289007,0.0,0.0,0.0,4.601839874017654,0.0,0.0,0.0,0.0,5.523612905838238,0.1073456765916481,0.0,0.0,0.0,0.0,0.0,0.0,0.0,0.0,0.0,0.0,1.8756788560754667,0.0,0.0,0.32797372744287256,0.0,0.0,0.0,0.0,1.482117289570887,0.0,0.0,0.0,0.0,2.4608738012049085,1.5685006012347678,0.0
Sample_040,0.0,0.0,0.0,0.0,0.0,0.0,1.2408924793377714,0.0,0.0,0.0,0.1285930600542531,0.0,0.0,0.0,0.10670994701689866,0.0,0.0,0.5984861814967405,0.3599438868348033,0.0,0.0,0.0,0.0,4.204684802530975,0.0,4.089360360204873,0.0,0.0,0.0,0.0,0.0,0.0,0.0,0.0,0.0,0.0,0.0,0.0,0.0,0.0,0.0,0.0,0.0,1.4818601554042714,0.0,0.0,0.0,2.013429035666552,0.0,0.0
Sample_041,0.0,0.0,0.34384322317863675,0.0,0.0,0.7618230895914206,0.0,0.0,0.0,0.0,0.0,0.0,0.0,4.488438228368265,2.1243247770694067,0.0,0.0,1.9105726710959237,0.0,0.0,0.0,0.0,0.0,1.0817484540587896,0.0,2.204758743269378,0.0,0.36293559141326953,0.0,0.0,0.0,0.0,0.0,0.0,0.0,0.0,0.0,0.0,0.0,3.9063517051371166,0.0,1.556511668598201,0.0,0.0,0.0,0.0,0.0,0.0,0.0,0.0
Sample_042,0.0,0.0,0.0,0.0,0.0,0.0,0.0,0.0,0.0,0.0,0.0,0.0,0.0,0.0,0.0,0.0,2.0110207540195453,0.0,0.0,0.0,0.0,0.14436981013908864,0.0,3.8722381020362606,0.0,0.0,0.0,0.0,0.0,0.0,0.0,0.4781505203293716,0.0,0.0,0.0,0.0,0.0,0.0,0.0,0.0,0.0,0.0,2.2217684348401376,0.0,0.0,0.0,1.233699649605991,0.0,0.0,0.0
Sample_043,0.0,0.0,0.0,0.0,0.0,0.0,0.6571118298280387,0.0,0.0,0.0,0.0,0.0,0.036341292828328924,6.583449944872794,0.0,0.0,0.0,0.0,0.0,0.0,0.0,0.0,0.0,0.0,0.0,0.0,0.0,0.0,0.0,0.0,0.0,0.09868058647991072,0.0,0.0,0.0,1.7989732801526803,0.0,0.40994475216797754,0.0,0.5475850800686378,0.0,0.0,1.7484118784391343,10.779776217720167,0.0,0.0,0.0,0.0,0.0,0.24418385460563458
Sample_044,0.0,0.0,0.0,0.0,0.0,0.0,0.0,0.0,0.0,1.1404293797662677,2.973375849333452,0.0,0.0,0.0,0.0,0.0,0.0,0.0,0.0,0.0,0.22013158695666166,0.0,1.3375612173375064,0.0,0.0,0.0,0.0,0.0,0.0,0.0,0.0,0.898373521418981,0.0,0.0,0.0,0.0,0.0,0.0,0.0,0.0,0.0,0.0,0.46384539709850037,0.0,0.0,0.015387104540800603,0.0,0.0,0.0,0.0
Sample_045,3.2449012188512922,0.0,0.0,0.0,5.369264687172432,0.0,0.0,1.919787952419908,0.0,0.0,0.0,0.0,0.0,0.0,0.0,0.0,0.0,0.0,0.0,1.0587297548125656,0.0,2.503755232338851,0.0,0.0,0.0,0.0,0.0,0.0,2.0234093701342424,0.0,0.0,0.12273978716393262,1.851649336257584,2.320485530889521,0.0,0.0,0.0,0.0,0.0,0.0,0.0,0.0,0.0,0.0,0.0,2.208693277681835,0.0,0.0,0.0,0.0
Sample_046,0.0,4.890301719079625,0.0,0.0,0.0,0.0,4.654848231963548,0.0,0.0,0.0,0.0,0.0,0.0,0.0,0.0,0.0,0.26250408776936296,0.0,0.0,2.6125536771229165,0.0,0.0,0.0,0.0,2.23538608221123,0.0,0.0,0.0,0.0,3.202744460538693,0.0,0.0,0.0,0.0,0.0,0.0,0.0,0.0,2.445535744738922,0.0,0.0,0.36510765160963277,0.0,0.30768778997220103,4.4163148810741335,0.0,0.0,0.0,0.0,0.0
Sample_047,0.0,0.0,0.0,0.0,2.260953046317403,0.0,0.0,0.0,8.85170061872906,1.2102785449305875,0.0,0.3029321641893651,0.0,0.055845924845850624,0.0,0.0,0.0,0.0,0.0,0.0,0.3487661477022617,0.0,0.0,0.0,0.0,4.606834538643087,0.0,0.0,0.0,0.0,1.8473502413695446,0.0,8.271979192000565,0.0,0.0,0.9868946593832437,0.0,0.0,0.0,0.0,1.6135792845831347,0.0,2.8701442766129914,0.0,0.0,0.0,0.0,0.4328916542202438,0.0,0.0
Sample_048,0.630100213410338,0.0,0.0,0.8532049910342017,0.0,0.0,0.0,0.0,0.0,0.0,0.0,0.0,1.9531749676136156,0.0,0.0,0.0,0.0,0.0,0.0,0.0,0.0,0.0,0.0,0.0,0.0,0.0,0.0,0.0,0.0,0.0,0.6452857995826853,4.192615251900898,0.0,0.0,0.0,0.0,0.0,0.0,0.0,0.0,0.6731384381201518,0.0,0.0,0.0,0.0,1.3558294908178181,0.0,0.0,0.0,1.0470930804973337
Sample_049,3.5149354837947064,0.0,0.0,0.0,0.0,0.23141485563952902,0.0,1.156602923894953,0.0,4.471539678574234,0.0,4.299123176140646,0.0,0.0,0.0,0.0,0.0,1.2957491278756466,0.0,0.0,0.0,0.28874591119061865,0.0,0.0,0.0,0.0,0.0,0.0,0.0,0.0,0.0,0.0,0.0,0.0,0.0,0.0,0.0,0.0,0.0,0.0,0.0,0.0,3.74058534935761,0.0,0.0,0.0,0.0,0.0,0.0,0.13657876114710152
Sample_050,0.0,0.0,0.0,0.0,0.0,0.0,0.0,0.0,0.15995324947914416,0.0,0.0,0.0,0.0,0.15139164811650496,0.0,0.0,0.0,0.0,0.0,0.0,1.0387329683550672,4.7312841364857805,0.0,0.0,0.0,0.0,0.0,0.0,0.0,0.0,0.26231568850462134,4.390316871332613,0.0,1.1933108238122037,0.0,0.0,0.0,0.0,0.5539635317830209,0.0,3.457961427963438,0.0,0.0,0.0,0.0,0.0,0.0,0.0,0.0,0.0
Sample_051,0.0,0.0,0.0,0.0,0.0002694041528053474,0.0,0.0,0.6463962198195594,2.4550048511866462,0.12948160931765357,0.0,0.0,0.0,0.0,0.7603847902394995,0.0,0.0,0.0,0.0,0.0,0.0,4.448881815408057,1.1376773450865927,0.0,0.0,0.0,0.0,2.3232272893199766,0.0,0.0,0.0,0.0,0.0,0.0,0.0,0.0,0.0,2.862899715513481,0.0,0.0,0.0,0.0,0.0,2.06648759490405,0.0,0.0,0.0,0.0,0.0,1.2238703940999978
Sample_052,0.0,0.0,0.0,0.0,0.0,0.0,0.0,0.0,0.0,0.0,0.0,0.0,0.0,0.0,0.0,0.0,0.2937564849613751,0.0,0.0,0.0,0.0,0.0,0.0,0.0,0.0,0.0,0.0,0.0,0.0,0.0,0.0,0.0,0.0,0.0,0.0,0.03903370333975423,0.0,0.0,0.0,0.0,0.0,0.0,0.0,1.2475973399332378,0.0,0.0,0.0,0.7475371593797607,2.974364261341995,0.0
Sample_053,0.0,0.0,0.0,0.0,0.0,3.2917426161318923,0.0,0.0,0.0,0.0,0.0,0.0,0.0,0.0,0.0,0.0,0.0,0.0,0.0,0.0,0.0,0.0,3.031677696697999,1.224962905712892,0.0,0.7216979399646261,0.13590438126854174,0.518151300866055,0.0,0.0,0.0,0.0,0.0,0.0,0.0,0.0,0.0,0.0,6.5811921595658,0.0,0.0,0.0,0.0,0.0,1.9479119447839621,0.0,0.0,0.0,0.0,0.0
Sample_054,0.0,0.0,0.0,0.0,0.0,0.686402265780928,0.0,4.417117608523501,0.0,0.0,0.0,0.0,0.0,0.0,0.0,0.0,0.0,0.5538622606184095,0.0,0.0,0.0,0.0,0.0,0.0,0.0,0.0,0.0,0.3624437948503873,0.0,0.0,0.0,3.7113120927748615,0.0,0.0,0.0,0.0,0.0,0.43861609368275645,0.0,0.0,0.0,0.0,0.0,0.600972144984639,0.0,1.8006425275232356,0.15177940442768775,0.0,0.0,0.0
Sample_055,0.0,0.0,0.0,0.0,1.4740294441139088,7.571477569718712,0.0,0.0,0.0,0.0,0.0,0.0,0.0,0.0,0.0,0.0,0.0,0.024353911775400666,0.0,0.0,0.0,0.0,0.0,0.0,0.7762427370931114,0.0,0.0,0.0,0.0,0.0,0.0,0.0,0.0,0.0,0.0,0.0,9.997912151804702,0.0,0.0,0.0,0.9966685537683462,0.0,0.0,0.0,0.0,0.0,3.0980886191541974,0.5780362845575456,0.0,0.0
Sample_056,0.0,0.0,0.4253791345688852,0.0,0.0,0.0,0.49911053778105025,0.0,0.0,0.0,0.0,0.6639054133360989,0.0,0.0,0.0,0.0,0.0,0.0,0.0,0.0,0.0,5.854522233888301,0.0,0.0,3.0315809831030545,0.0,0.0,0.0,0.0,0.0,0.0,3.86245969058071,0.0,0.0,0.0,0.0,0.0,0.0,3.330732083323666,0.0,0.0,0.0,0.0,2.126397744694441,0.0,0.0,0.0,0.6638878038808874,1.1075643223755363,0.0
Sample_057,0.273626231693328,0.0,0.0,1.077647300426542,1.4784248818677461,0.0,0.0,0.5126906903662256,0.0,0.7246460494479172,0.0,0.002949818460770116,2.613819142149375,0.0,0.507962060888422,0.0,0.0,0.0,0.0,0.0,0.7869598386292708,0.0,0.0,0.40084226328327965,0.0,0.0,0.0,0.0,0.0,0.9990962457673288,0.0,2.1635944408258485,0.0,0.0,0.0,0.0,0.0,0.0,0.0,0.0,0.0,0.0,0.0,0.0,0.0,0.0,0.0,0.0,0.9217889523745135,0.0
Sample_058,0.0,2.3894274834967595,0.0,0.0,0.0,0.0,2.6111331547105663,3.9565285417431437,0.0,3.290865070249198,0.0,0.0,0.8177732725404557,0.0,0.0,0.0,0.0,0.0,0.0,0.0,0.0,0.35594685588030345,3.0854814357662397,0.0,0.9701696856981685,0.0,0.0,0.0,0.0,0.0,0.0,0.0,0.0,3.3979392020186507,0.0,6.824634472806166,0.10610277608512328,0.0,0.0,0.0,0.3950871203199098,0.0,0.0,0.0,0.0,4.00934742120851,0.0,0.7415125564448649,0.0,0.0
Sample_059,2.233774491452259,0.0,0.5766122643864525,0.0,0.0,0.0,4.7307742024201485,0.024462538817942497,0.0,0.0,0.0,0.0,0.0,0.0,1.9419820102765224,0.0,2.6387602079855372,0.0,0.0,3.062731297166667,0.0,1.1339698253218857,2.3131855740636516,0.0,0.0,0.0,0.0,0.0,0.0,0.0,0.0,0.0,0.0,0.0,0.0,0.0,0.0,0.0,0.0,1.4625331374118946,0.0,0.0,0.24050505031108502,1.0336907535594775,0.0,0.0,0.0,0.0,1.0137083028682519,0.0
Sample_060,0.459664085742675,0.0,0.6254084119078702,0.0,0.0,0.0,0.0,0.0,0.15718534897710215,0.0,0.0,0.0,0.0,1.9544649426011678,0.0,0.0,0.0,0.0,0.5777470190385317,0.0,0.0,1.8832551163836395,0.0,0.0,1.8209567264407178,0.0,5.864903921885126,0.0,0.336431693726194,5.791276519397838,0.0,0.0,0.0,0.0,0.0,0.0,0.0,0.031029246928829947,0.0,0.0,0.0,0.0,0.0,0.0,0.4178418623425931,2.232293228925945,0.0,0.0,0.0,0.0
Sample_061,0.0,0.0,0.0,0.0,0.0,0.0,0.0,0.01819079921445722,1.780534544578956,0.0,0.0,0.0,0.0,0.0,0.0,0.0,0.0,0.0,0.5710388529673616,0.0,0.0,0.0,0.0,0.0,0.0,0.0,0.0,0.0,0.0,0.0,0.0,0.0,0.0,0.0,0.0,1.9183109135951566,2.716436372469671,0.0,1.4739850823934304,0.0,0.9276071815125889,0.0,0.0,0.0,0.0,0.0,4.5141929201180115,0.0,0.0,0.0
Sample_062,0.0,0.0,0.0,0.0,0.0,0.0,0.0,0.0,3.4830063304143035,0.0,0.0,0.0,0.0,0.0,0.0,0.0,0.0,0.0,0.0,0.0,0.0,0.0,0.0,0.34980854025643787,0.0,0.0,0.0,0.0,0.0,0.0,0.0,0.0,0.0,0.0,0.0,1.533819165879688,0.0,0.8732588975696642,3.526992501954175,3.1145720325381565,0.7357486519134074,0.0,0.0,0.0,0.0,1.4089589115417203,5.664535208962706,0.0,0.0,0.0
Sample_063,0.0,0.0,0.0,3.9153934739117062,0.0,3.6391870325988815,0.0,2.7594786143395025,0.0,1.8860229188540996,0.0,0.0,0.0,2.3680109074049525,0.0,0.0,0.0,0.0,2.536948823692528,0.0,0.0,0.35195417368150983,0.0,0.03862858463429933,0.0,0.0,0.0,0.0,0.0,0.0,0.0,0.0,0.5630085598475739,0.0,0.0,0.5336772835701117,0.0,0.0,1.9157910963019935,1.6278223038618904,0.0,0.0,0.0,0.0,0.0,0.0,0.0,0.0,0.0,0.0
Sample_064,0.0,0.0,0.0,0.0,0.0,0.0,0.0,0.0,0.0,0.0,0.0,0.0,0.0,0.0,0.0,0.143090623058744,0.0,0.0,1.9800169421281837,2.333557192114379,0.0,0.0,0.0,0.0,0.0,0.0,0.0,0.0,0.0,3.1361908516638586,0.0,0.0,0.0,0.0,0.0,0.1574365793759157,0.9814777400702991,0.0,0.0,0.0,0.0,0.0,0.0,0.0,0.0,0.0,2.0900558839694994,0.0,0.0,0.0
Sample_065,0.0,0.0,0.0,0.7747459817892949,0.0,0.0,0.0,0.1423770125252901,0.9227196279414428,0.0,0.0,0.0,0.0,0.0,0.0,0.0,0.0,0.0,3.26433499098281,0.0,0.0,0.0,0.0,0.0,0.0,0.0,0.0,0.0,0.0,2.2243525705882052,0.0,0.0,0.0,0.43376438892167374,0.0,0.0,4.776906727891121,0.0,0.0,0.0,4.398756420399307,0.0,0.0,0.0,0.0,0.0,0.0,0.0,0.0,0.0
Sample_066,0.4839205539850999,0.0,4.768425913537777,0.0,0.0,0.0,0.0,0.9651203132196539,3.4500448822432115,0.0,0.0,0.0,0.0,0.0,0.0,0.0,0.0,0.6280845730326964,0.42373123658539136,0.0,0.4936321270750408,0.0,0.0,0.0,0.0,0.0,2.86133974825304,0.41582626466386696,0.0,0.0,0.0,0.0,0.0,0.0,0.0,0.0,0.0,0.0,0.0,0.0,0.0,0.0,0.0,0.7869464530842719,0.0,0.0,0.0,0.0,0.0,0.0
Sample_067,0.1392488145146022,0.0,0.0,0.0,0.0,0.0,0.0,12.088294372086468,0.0,0.08237501191388588,0.0,0.0,0.0,0.0,3.062531608716122,0.0,0.0,2.124610895899333,0.5279784367835099,0.0,2.8908439926698204,0.0,2.873513891818843,0.0,3.6294785213858005,0.0,0.0,0.0,0.0,0.0,0.0,9.351004421574105,0.0,0.0,0.0,0.9860711900962171,0.0,0.0,5.267243008232469,0.0,0.0,0.0,0.47559047637512664,0.0,0.0,2.096840099772192,0.0,0.0,1.7986618273780364,0.0
Sample_068,0.0,0.0,2.2635003501952657,0.0,0.0,0.3663006776461169,0.0,0.0,2.388941556419437,0.0,0.6439624779228672,0.0,0.0,0.0,0.0,0.0,0.0,2.20379892062243,0.0,0.0,0.0,0.0,0.0,0.0,0.0,0.0,0.0,0.0,0.0,1.027951827748881,0.0,0.0,0.0,0.0,0.0,1.7970989874653651,0.0,0.0,0.0,0.0,0.17671265973351363,0.0,0.0,0.0,0.0,0.0,3.9755024493082414,0.0,0.0,0.0
Sample_069,0.0,0.0,0.0,0.0,0.0,1.9490611089151262,0.0,0.0,0.0,0.0,0.0,0.1387356072830493,0.0,0.0,0.0,0.0,0.0,0.9742103574420438,0.0,0.0,0.0,0.0,0.0,0.21289578398062664,0.0,0.3186376718259087,7.229533665998486,0.0,0.0,0.0,0.6524812655643751,0.0,0.0,0.0,0.0,0.0,0.0,0.0,2.241680262698221,0.0,0.0,3.3112112595127976,0.0,0.8390625889351182,0.0,0.0,0.0,0.0,0.7202747518555784,0.0
Sample_070,0.0,0.0,1.7383328830727258,0.0,0.311153893622715,0.0,0.0,0.0,0.0,0.0,0.0,0.0,0.0,0.0,0.0,0.0,0.0,0.0,3.001609087680057,3.96394700031567,0.0,0.0,3.6665143644792724,0.0,0.0,0.0,0.0,0.0,2.70681387452814,0.0,0.0,0.0,0.0,0.0,0.0,0.0,1.2102356515034258,0.0,0.0,0.0,0.0,0.0,1.6773973627467769,1.731739352196458,0.0,0.0,0.0,0.0,0.0,2.167450857548966
Sample_071,0.0,0.0,0.0,0.0,0.0,0.0,0.0,0.0,0.0,0.0,0.0,0.30863734076045723,0.0,0.0,0.0,0.0,0.0,0.0,0.0,0.0,0.0,0.0,0.49233192622348865,0.0,0.0,0.0,0.0,0.0,3.1461619497291666,1.9741182238451738,0.0,0.0,0.0,0.0,0.0,1.3315718160826022,0.0,0.0,0.0,0.0,0.0,0.0,0.0,0.0,0.0,0.0,0.0,0.0,0.0,0.0
Sample_072,0.0,0.0,0.0,0.0,0.0,0.45743906766189246,0.0,0.0,0.0,0.0,0.0,0.0,0.0,0.0,0.0,1.1531425935417963,0.0,0.0,0.05057748782264078,1.1921816630487554,0.0,0.0,0.0,0.0,1.8746176451331993,0.0,0.0,0.9552702234893355,0.0,0.0,2.7787554131839127,0.2681746297822664,2.9635976126377273,0.0,0.0,0.0,0.0,0.9798332239331273,0.0,0.0,0.0,0.0,0.0,0.0,0.0,0.0,6.513795391693862,0.0,0.0,0.0
Sample_073,1.890736897523789,0.0,0.0,0.0,0.0,0.0,0.0,0.0,0.6615021851373677,0.0,0.0,0.0,0.0,0.0,0.0,0.0,0.0,0.0,0.0,0.0,0.0,0.0,0.0,0.0,0.9320516832576722,5.27977108420815,0.12760230226034266,0.19381607324077602,0.0,0.0,0.0,0.0,1.1837623701721773,0.0,0.0,0.0,2.168907782794871,2.7820280581350167,0.0,1.7249839428761053,0.0,0.0,0.0,0.0,0.0,0.0,2.1784544959946626,0.0,0.0,0.0
Sample_074,0.0,0.0,0.0,0.0,0.0,0.0,0.0,0.837427837154539,0.0,0.0,0.0,0.0,0.0,0.6792012092240152,0.0,0.0,0.0,0.0,0.0,0.0,0.0,4.6540226644950105,0.0,2.641014044329653,2.1497604009439484,5.363447047947478,0.0,0.0,0.0,0.0,1.0200478390565761,0.0,0.0,0.0,0.0,0.0,0.0,0.0,0.0,0.0,0.0,0.0,0.0,0.0,0.06596280417710608,2.1500902108200615,1.5198216883766327,0.0,0.3787500529261165,1.678540391108766
Sample_075,0.7029700512538606,0.0,3.4156481608107057,0.0,0.0,0.0,0.0,0.0,0.0,0.0,2.355384083915408,0.0,0.0,0.0,0.0,0.0,0.0,0.0,0.0,0.0,0.0,0.0,3.2768533687302384,0.0,0.0,0.0,0.0,0.0,0.0,0.0,0.0,0.0,0.0,0.9710016285434195,0.0,0.0,5.392882050795809,0.2525867652161339,0.0,0.0,0.0,0.0,0.0,0.0,0.0,0.0,0.0,0.0,0.0,0.0
Sample_076,0.0,0.0,1.8976063366165858,0.0,0.0,0.15982537026824634,0.0,1.5999659208405992,0.0,0.0,0.0,0.0,0.0,0.5896453419404587,0.0,0.0,0.0,0.0,0.0,0.0,0.0,0.0,0.0,3.5124234834392722,0.0,0.0,0.0,0.0,0.0,0.5263188156001624,0.0,0.0,0.0,0.0,0.0,5.445437951924127,0.0,0.0,0.0,0.0,0.0,1.5155592238445301,0.0,1.1188342788054821,0.0,0.0,0.0,0.0,1.5543472633835906,0.0
Sample_077,0.0,0.9529787860547769,0.0,0.5784846247824049,0.0,0.0,1.4434861164356105,0.0,1.7021402022541303,0.0,0.08012251424545348,0.0,0.0,7.6659419203070485,0.0,0.0,2.606635156163371,0.0,2.223961441097876,0.0,0.0,0.0,0.0,0.0,0.0,0.0,0.0,0.0,2.329796236194601,0.0,0.0,0.3997900082327315,0.0,0.5037962578041653,0.0,0.0,0.0,0.0,0.0,1.0830672782256707,0.0,0.0,0.0,0.0,0.0,0.033463355475233054,0.0,0.0,0.0,0.5326575917358913
Sample_078,0.047986609297617305,0.0,7.353158509250842,0.0,0.5265649275567494,0.0,0.0,0.0,0.0,0.0,0.0,0.0,0.0581418433592142,0.0,0.0,0.0,0.7318143537444645,0.08218156755093482,0.0,0.0,0.0,0.0,0.0,2.471882552134239,0.0,0.0,0.0,0.0,0.0,0.0,0.0,3.2761769497430455,0.0,0.0,3.399877784348707,0.0,0.0,0.0,0.0,0.0,0.0,0.0,0.0,0.0,1.3566565723792547,0.0,0.8141363215878751,0.0,0.0,0.0
Sample_079,0.0,0.0,0.0,0.0,0.0,0.6244260013969706,0.0,0.0,0.0,0.11670033904275845,0.07057613708405933,0.9948666148259477,0.0,0.0,0.0,0.0,4.344624912940855,0.0,0.705614023175558,0.0,1.0596906203060057,0.0,0.0,0.0,0.0,0.0,0.0,0.0,0.0,0.0,0.0,0.6311864928669911,0.16943812500787653,0.0,0.0,0.0,0.0,0.0,0.0,0.0,0.0,0.0,0.0,0.0,0.0,0.0,0.0,0.0,3.8019150512053272,0.0
Sample_080,0.0,0.0,0.0,0.0,0.0,0.03266611700668128,0.0,0.08193329972584973,0.0,9.647335901062862,0.0,0.472251301294582,0.0,0.0,0.0,0.21704789954796513,0.26924728383328744,0.0,0.0,0.0,0.0,0.0,0.0,1.8483944122727158,0.0,0.0,0.0,0.0,0.0,0.0,0.0,0.5314049992473072,1.9634201881003825,0.0,0.0,0.0,0.0,0.0,0.0,0.0,2.6496555499058028,0.0,0.0,5.2861983695115065,0.0,0.0,0.0,0.17024171938970314,0.0,0.05649494091744466
Sample_081,0.0,0.0,0.0,0.0,0.0,0.0,0.0,0.0,4.421549713620236,0.0,1.6598571454582722,0.0,0.0,0.0,0.0,0.0,0.0,0.0,0.30929167510138744,0.0,0.0,0.0,0.0,0.0,0.0,0.0,0.0,0.0,0.0,0.0,0.0,0.0,0.0,0.0,0.0,0.0,0.0,0.0,0.0,0.0,0.0,0.0,0.0,0.0,0.0,0.0,0.0,0.0,0.0,0.0
Sample_082,0.0,6.143863443161899e-05,0.0,0.0,0.0,0.025962728569670773,1.5543597713604989,0.0,6.322707139547448,0.0,0.0,0.0,0.0,0.0,0.0,0.0,0.0,0.1995639322098422,0.0,0.0,0.0,0.0,0.0,1.5180260348042014,4.136900792250696,10.838215058975361,0.0,0.0,0.0,0.0,0.0,0.0,2.292613748712872,0.0,0.0,0.0,0.0,1.727835455255585,0.0,0.0,0.0,0.0,0.0,2.6205133406482215,0.0,0.0,0.0,0.0,0.0,0.0
Sample_083,0.0,0.4369233486150885,0.0,6.619787569969955,0.22867820421549734,0.0,0.0,1.5590422672726518,0.1799197817926106,0.0,0.0,1.7617877361877665,0.0,0.5324695497722591,0.0,0.0,0.0,0.0,0.0,0.0,0.0,1.901960548155598,0.0,0.0,0.0,0.0,0.0,0.0,0.0,0.0,0.0,0.0,0.0,4.845874629137138,0.04231268667938538,0.7589315322466583,0.11712646615524237,0.0,0.0,0.0,2.2519437575405252,1.008154312617058,2.823255447557461,0.0,0.0,0.0,0.0,0.0,0.0,6.968406749536393
Sample_084,0.0,0.12808904875619673,0.0,1.410162839568141,0.35329061038668846,2.1464869396002726,0.0,1.202009392424185,0.0,0.0,0.0,4.29584511282517,0.0,0.9796761929882843,0.0,0.0,2.089575174198686,0.0,3.3610446220176224,0.0,0.0,0.0,0.0,0.0,0.0,0.0,0.0,0.0,0.0,0.0,0.35505210351427835,0.0,0.0,0.0,0.0,0.0,0.0,1.7206792628377676,0.0,0.0,0.0,0.0,0.0,0.0,0.0,0.0,0.30973060325925683,0.0,0.0,0.0
Sample_085,0.0,0.0,0.0,0.0,0.0,0.0,0.0,0.0,0.0,0.0,0.0,0.0,0.0,0.0,0.0,0.0,0.0,0.0,1.0398095130800227,0.0,0.0,0.0,0.0,0.0,3.3180446646740895,6.012891757812204,0.0,0.0,0.0,0.0,0.0,0.0,0.0,0.0,0.0,0.11222114357629706,0.0,4.653822705668396,0.0,0.0,0.0,0.0,0.0,3.5013211682372263,1.7734661089248769,0.0,0.0,0.0,0.0,0.0
Sample_086,0.0,0.0,0.0,0.0,0.0,0.0,0.4981734670821448,0.0,1.695431593007745,0.40873780133903187,0.12287248405749311,0.0,0.0,1.4821611815681837,0.0,0.0,0.16699307154142984,0.0,0.35673897319889397,0.0,0.4520302134673321,0.0,0.0,0.0,1.4336811182721734,1.3205635662165136,0.9650727959487726,0.0,0.0,0.0,0.1280989709773141,0.0,0.0,0.0,4.208017934861908,1.6323192721278295,6.427329870575044,0.0,0.0,0.0,0.0,1.5585874382785216,0.0,0.0,0.0,0.0,0.7036946091209195,0.0,0.0,0.0
Sample_087,0.0,0.0,0.0,0.0,0.0,0.0,0.0,0.0,0.9629850688540578,0.0,0.0,0.0,0.0,0.0,0.0,0.0,0.0,0.0,0.8170544017175703,0.0,0.20722229139925516,0.0,0.0,0.0,0.0,0.0,0.0,0.0,0.0,0.0,2.263588368822698,1.583412318337563,0.0,5.113259498215055,0.15103165911722172,0.0,0.0,0.0,0.0,0.0,0.0,0.0,0.0,1.019427751304753,0.0,0.0,0.399078430580872,0.0,0.0,2.6251240590719855
Sample_088,1.0894922970904337,0.0,0.0,3.2609713920670957,0.0,0.0,0.0,0.0,0.0,0.0,1.0308037736291078,0.0,0.0,0.0,2.250668597004573,0.0,0.0,0.34570132734730624,0.0,0.0,4.751214149805556,9.543105097269025,0.0,0.8783726749397677,0.0,0.0,1.0839087133403467,0.8857460287055204,0.0,0.0,0.0,0.0,0.0,0.0,0.0,0.0,0.0,0.8764886141589814,0.0,0.0,0.6053543652284757,0.0,0.0,0.0,0.0,0.0,0.0,0.0,0.0,0.0
Sample_089,0.0,1.4418914294526213,0.0,0.0,0.0,0.0,2.653096867599448,0.0,1.7581238645753365,0.0,0.3833122180336847,0.0,0.0,0.0,0.0,0.0,0.0,0.0,0.43704424893109267,0.0,0.0,1.7213198575291382,4.426557719206009,0.0,0.0,0.0,0.0,0.0,1.6978388461896128,0.0,0.0,0.44290141221458934,0.0,0.0,0.0,0.0,0.0,0.0,0.17018990307420442,0.0,0.0,0.0,0.0,0.0,0.0,0.0,0.0,0.0,0.0,0.0
Sample_090,0.0,0.0,0.0,4.346121080061502,0.0,0.0,0.0,0.0,0.0,0.0,0.0,0.0,0.0,0.10094708104097906,0.0,0.0,0.5919433783320467,0.49859279934088235,0.0,0.0,0.0,2.247203089288612,0.0,2.8379691914966236,0.0,0.0,1.0575808340633541,0.0,0.0,0.0,0.0,0.0,0.0,0.0,0.0,0.0,1.0002835863761428,0.0,0.0,0.0,0.0,0.4634048815041002,1.404198024502916,0.0,0.0,2.072506771473119,2.7346684336244267,0.5285163098362362,0.0,0.6271257420216655
Sample_091,0.0,0.0,0.0,0.0,0.0,4.5459611149443555,0.0,0.0,0.0,0.0,0.0,0.12893054583317326,0.0,0.0,0.0,0.7623528276288257,0.0,0.0,0.0,0.0,3.8930538015922225,0.0,0.0,2.3444499315906584,0.0,0.0,0.0,0.0,0.0,0.0,0.25555979526784395,0.0,0.0,0.0,0.0,0.0,0.0,0.0,0.0,0.0,0.0,0.0,0.0,0.0,0.0,0.0,2.264689206442046,0.0,4.12781598105108,0.0
Sample_092,0.0,0.0,0.0,0.0,0.0,0.3685154723787983,0.0,0.0,0.0,2.5486760811956506,1.4312504121259626,0.0,0.0,0.0,0.0,0.0,0.0,0.0,0.0,0.0,0.0,4.228555575794965,0.0,0.0,0.0,0.0,0.0,0.0,0.0,1.9959561279710363,0.0,0.0,0.0,0.0,0.0,0.0,0.0,0.0,1.5716539286495155,0.0,0.9213305555735207,0.0,0.8434683222949203,0.0,0.0,0.0,0.0,0.0,0.0,0.0
Sample_093,0.575291855193574,0.0,0.0,0.0,1.0727848878708444,0.0,0.0,0.0,0.0,0.0,0.0,0.0,0.0,0.0,0.0,0.0,1.8129289152578658,10.914369261267643,0.0,0.0,0.0,0.0,0.0,0.0,0.4959868570636121,0.0004541279906669471,0.0,0.0,2.711858032418981,0.3674000424297356,0.2564932233318262,0.0,0.0,0.0,0.0,0.0,0.0,0.8579749268688033,0.9394470948646102,0.0,2.536795913644499,0.0,0.07247800582298397,0.0,0.0,0.0,0.0,0.0,0.0,3.243039048666513
Sample_094,0.0,0.0,0.0,0.0,0.0,0.0,0.0,0.0,0.0,0.0,0.0,8.669667168640787,0.0,0.0,1.5460913741720839,0.0,0.0,0.20487822709239417,0.0,0.0,0.014013503869448923,1.0332882671115646,0.0,0.0,0.8229581380848578,0.0,0.0,0.0,0.0,0.5320169318002256,0.14124544029252567,0.41435407050233714,1.6218334970993258,0.0,0.0,0.0,0.0,0.0,0.0,0.8014207107108142,0.0,0.0,0.0,0.0,0.0,0.7725055633641055,0.0,0.0,0.0,0.0
Sample_095,0.2644268697811425,0.30224624033847003,4.803253533429852,0.0,0.0,0.0,0.0,6.222205059323763,0.0,3.927165624308441,0.0,0.0,0.0,0.0,0.0,0.0,0.0,0.0,0.0,0.0,0.0,0.0,0.0,0.0,0.0,0.0,0.0,0.0,0.0,1.3997198437822864,0.0,0.0,2.0742877056557782,0.0,0.0,0.0,0.0,0.0,0.0,0.0,0.0,0.0,0.0,0.0,0.0,0.0,0.0,0.3044362450926456,0.0,0.0
Sample_096,7.953931471564043,0.0,0.0,0.0,0.0,0.42642625503133375,0.0,0.0,0.0,4.369052016892125,0.0,0.0,0.0,0.0,0.0,0.0,0.0,0.0,0.0,0.0,0.0,0.0,0.0,0.0,0.0,0.0,0.0,2.3819806292228454,0.0,0.0,0.45653245256457403,0.0,0.0,0.0,0.0,4.302888751777288,0.0,0.0,0.05135082950555548,2.3426684917530642,0.0,0.0,0.0,0.0,0.0,0.0,0.0,0.0,0.0,0.0
Sample_097,0.0,0.0,0.0,0.0,0.0,0.3527455000248111,0.0,0.0,0.0,0.0,0.0,0.0,0.0,0.0,0.0,0.0,0.0,0.0,0.0,0.0,0.0,2.678270244745008,1.8197688054499535,0.0,0.0,0.0,1.2511128976480546,0.0,0.0,0.0,0.0,0.0,0.0,0.0,0.0,0.8666488161807586,0.0,1.683087814326118,0.0,0.0,0.0,0.0,0.0,0.0,0.0,5.660175435370109,0.0,0.0,0.0,0.0
Sample_098,0.0,0.0,0.0,0.0,0.0,0.0,0.8831664585052856,2.0143143753940715,0.0,0.0,0.0,0.0,0.6903714639934428,0.0,0.0,0.0,0.0,0.0,0.0,0.0,1.289096319568669,0.0,0.0,0.0,0.0,0.0,0.0,0.0,0.0,0.0,0.0,0.0,2.1771895211593257,0.0,0.0,0.0,0.0,0.0,0.0,2.9371498733338646,7.4108607509569575,0.0,0.0,0.0,0.0,0.0,0.0,0.0,0.0,0.0
Sample_099,0.0,0.0,0.0,0.0,0.0,0.0,0.0,0.0,0.0,0.0,0.0,0.0,1.5329320830147914,0.0,0.43752374719074555,0.47586946206738917,0.0,0.0,0.0,0.0,0.0,1.1432625026334031,0.0,0.0,0.0,1.4998074724053108,0.0,0.0,0.0,0.0,0.0,1.5205874061283877,0.0,1.8354995764944992,0.0,0.9552247000015246,0.0,0.0,2.6011960399530594,0.0,0.0,0.0,0.0,0.0,0.0,0.0,0.0,0.0,0.0,0.0
Sample_100,0.4401861816030011,0.0,0.0,0.17758874546879264,0.0,0.0,0.0,0.0,0.0,0.0,0.0,0.0,0.0,0.0,0.0,0.0,0.0,0.0,0.0,0.02415129056028017,1.6095652436463972,0.0,0.0,0.0,7.184332520018512,0.0,0.0,0.0,0.0,0.0,0.0,0.0,0.0,0.0,0.0,0.0,2.92848699549536,0.0,0.0,0.0,0.0,0.0,0.0,0.0,0.0,0.0,0.0,0.0,0.0,0.0
Sample_101,0.0,0.0,0.0,0.0,0.7582302194710838,0.22549461509759477,0.0,0.0,0.0,0.0,0.0,0.0,1.836546137510566,0.0,0.0,1.9926733217074548,0.0,1.3156270235115586,0.0,0.0,0.0,0.0,0.0,0.0,0.0,0.0,0.0,0.0,0.8409813241571871,0.0,0.0,1.4461499400157265,0.2097872794116864,0.0,0.0,0.0,0.0,0.0,0.0,5.393232893793648,0.0,0.2696137196608614,0.0,0.0,0.0,4.237824697954126,0.0,0.0,1.95370267748066,0.0
Sample_102,0.0,0.4507795149260442,4.789981938518604,0.0,0.0,0.0,0.0,0.0,0.0,0.0,0.0,0.0,0.0,0.0,0.0,0.0,0.0,0.0,0.0,0.0,0.0,0.0,0.0,0.0,1.1805514995878807,0.0,0.0,0.0,0.0,0.0,0.0,0.0,0.0,0.0,0.0,0.0,0.0,0.0,0.0,0.0,0.8074508107230448,0.0,0.0,0.0,0.0,0.0,2.6829942468069166,0.13184067081431353,0.0,0.0
Sample_103,0.0,0.0,0.0,0.0,0.0,0.0,0.0,0.0,0.0,0.0,5.9009892839167755,0.0,0.7897047665833375,0.0,0.0,0.0,1.1760379876267237,0.0,0.0,0.0,0.7131481765441472,1.2860821076543123,0.3678938792889803,0.8763814639187116,0.0,0.0,0.0,0.0,0.32914304089827245,1.8216514515285644,0.0,0.0,2.4152762760188624,0.0,0.0,0.0,0.0,0.0,0.0,0.0,7.729500440141046,0.0,0.0,4.814339778304967,0.0,0.0,3.197042249393556,0.0,0.0,0.0
Sample_104,0.0,0.0,0.0,0.0,0.0,1.3100077137656883,0.0,0.0,1.0796998289184865,0.0,0.0,3.5027474410482884,0.0,0.0,0.0,0.0,0.0,0.0,0.0,0.0,0.0,0.0,0.0,0.0,0.0,0.0,0.0,0.0,0.0,0.840223839512816,8.86648423548463,1.3280719307871494,0.39486369266729987,0.0,0.0,0.0,0.0,0.10295578141717246,0.0,2.5491964544197456,0.0,0.40742070251068796,0.0,0.0,0.0,0.0,1.26117353907741,0.0,0.0,0.0
Sample_105,3.060343343847066,0.0,0.0,0.0,0.0,0.0,0.0,0.9859996322453437,4.368262971026606,0.0,0.8183932169327452,0.0,0.0,0.0,0.0,1.2059724899914948,0.0,0.0,0.0,0.0,0.0,0.0,0.0,13.439128323047543,0.0,0.0,0.0,0.0,1.1580766770690523,0.0,0.0,0.7609318095535617,0.0,0.0,0.0,5.790231726990648,0.0,0.0,0.0,0.0,0.0,0.0,0.0,0.0,0.0,1.5423910457138963,0.0,0.0,0.0,0.0
Sample_106,0.0,0.0,0.0,1.545333824781773,0.0,0.0,0.0,7.584622611356139,0.0,0.0,1.8488747652277786,0.0,0.0,0.0,1.4479016715718456,0.0,1.890109229971081,0.0,0.0,0.0,0.0,0.0,0.0,0.0,0.0,0.0,1.718351124987836,0.0,3.321238675458172,0.0,0.5081928225902078,0.0,0.0,0.018257147777313115,2.089939417631036,0.0,0.0,0.0,0.0,3.9818590566610577,0.0,1.684252672868285,0.0,1.7498454078580858,2.5317969727081224,0.0,0.0,1.2246106742608784,0.0,0.0
Sample_107,0.0,0.0,6.346759293384877,0.0,0.8555808130910317,0.0,0.0,0.0,0.0,0.0,0.0,0.0,2.667200224160431,0.0,0.0,0.0,0.0,0.0,0.0,0.0,0.0,0.0,0.0,0.0,1.1765395598567936,0.0,0.0,0.0,2.28689785301858,0.0,0.0,0.1854992688015947,0.0,0.0,0.0,0.0,0.0,0.0,0.0,0.0,1.2335913563939878,0.0,0.0,0.0,0.0,0.0,0.0,0.0,0.0,0.0
Sample_108,0.0,0.0,0.4804340911186651,0.0,0.0,0.0,0.9135553728463964,0.0,0.0,0.0,0.0,0.5532440440259808,0.0,0.0,0.6206586582047245,0.0,3.0077060345126205,0.0,0.0,0.8915605909758006,0.0,0.0,0.0,0.0,0.0,0.0,0.0,0.0,2.9069674862617174,0.0,0.0,0.0,0.0,0.0,0.0,8.74311878572798,0.510200088796951,0.0,0.0,0.0,0.0,0.0,0.0,0.0,0.0,0.8122604497079458,0.0,0.0,0.0,1.9978366542547987
Sample_109,1.4627278397245456,0.0,0.0,1.3545544716066276,0.0,0.40120796767998324,0.0,0.0,0.0,0.0,0.0,0.0,4.045398130550464,0.0,0.0,0.0,0.0,0.0,0.0,0.0,0.0,1.7224378260131856,0.0,1.2263202575213132,0.0,0.0,0.0,0.0,0.0,0.0,0.0,0.0,2.352996759849504,0.0,0.0,0.22032870983885056,0.0,0.0,0.0,0.0,0.0,0.0,0.0,0.0,0.0,0.0,0.0,0.0,0.0,0.2915815330068519
Sample_110,0.0,0.0,0.0,0.0,0.0,2.4781743251522337,0.23870056998547717,2.663009460534665,0.6434400435732262,2.03835222084033,0.0,0.0,0.0,0.0,0.0,0.0,0.0,0.0,0.0,0.0,7.42650160747506,0.0,3.450138909396424,0.0,0.0,0.0,0.0,0.0,0.0,0.0,0.08153560299014384,0.0,0.0,0.0,0.0,0.0,0.0,0.0,0.0,0.0,0.0,0.0,0.0,0.0,0.0,0.0,0.0,2.294628813159515,0.0,0.0
Sample_111,0.0,0.7586256042333176,0.0,2.1313802695992985,0.0,0.0,0.0,0.0,0.0,0.0,0.0,0.0,0.0,0.0,1.0939451877514177,0.0,0.0,0.0,1.5995531553320714,0.0,0.0,4.840947549780638,3.4352437564694527,0.0,0.0,0.0,0.0,0.8383020387100849,1.5814157703046228,0.0,0.0,0.0,0.41304022121092526,0.0,0.0,0.0,0.0,0.0,0.03530623483166426,0.0,0.0,0.0,0.7912440924576999,0.0,0.0,0.6409970857350588,0.05393755263266361,2.657776314954579,0.0,0.0
Sample_112,0.0,0.0,0.0,0.0,0.0,0.0,0.0,3.91232656422941,0.0,0.0,0.0,0.0,0.0,0.0,0.0,3.0415915453072553,0.0,0.0,0.0,0.0,0.0,0.0,0.0,0.7542278476534532,6.338794009203831,0.06798981365697349,0.0,0.0,2.4911193852248714,0.0,0.5367611332831346,0.0,0.0,0.0,0.0,0.0,1.3887740270062539,0.0,0.0,2.0765093891309077,0.0,0.0,0.0,0.0,0.0,0.0,1.1883117737790936,0.0,0.0,0.0
Sample_113,0.0,0.0,0.0,0.0,0.0,0.0,0.0,0.0,0.0,0.0,0.0,6.904578872552523,0.0,5.827018661848841,0.0,0.7178889486757318,0.0,0.0,0.0,0.0,0.0,0.0,0.0,0.0,0.27926089833791107,0.0,0.0,0.0,0.0,0.0,0.0,0.0,2.133185464168356,0.0,0.0,0.0,0.0,0.0,0.0,0.0,0.0,0.0,3.5722432837932727,0.0,0.0,0.0,0.0,0.0,0.0,0.0
Sample_114,0.0,3.2044860966175515,0.0,0.0,4.820254287266382,0.9652325336807255,0.0,0.0,0.0,0.0,0.0,0.0,0.0,0.0,0.0,0.0,0.0,0.0,0.0,0.0,0.0,0.0,0.0,2.5415658022768484,0.05704897758885169,0.0,1.9710316278308413,0.0,0.0,0.5358407189444253,0.0,0.0,0.0,0.0,0.0,0.0,0.0,0.0,0.0,0.47507139130958,0.0,0.0,0.0,4.949461556640923,0.0,0.0,0.0,7.582992736360828,0.0,0.0
Sample_115,0.0,0.0,0.0,0.0,0.0,0.0,0.0,7.967396181811359,1.9867949816529131,0.0,0.0,0.0,0.0,0.0,0.0,0.0,0.0,1.7386644102311073,0.0,0.0,0.0,1.1807719117630688,0.0,0.0,0.0,0.0,0.0,0.0,0.0,0.0,0.0,0.0,0.0,0.0,3.183104857286119,0.0,4.35358738020974,0.0,1.8542202005606574,1.9886055255548596,0.0,0.31169901263650296,0.0,0.0,0.0,0.0,0.0,0.0,0.0,0.0
Sample_116,0.0,0.0,0.0,3.9871093969694957,0.0,0.0,0.31068047004464255,0.0,0.0,0.0,0.0,1.4596860192942431,0.0,0.0,0.0,0.0,0.0,0.5305864066803223,3.3548126657190473,0.0,0.0,0.0,0.0,0.0,0.0,0.597622017625579,0.0,0.0,0.0,0.0,0.0,0.0,0.0,0.0,0.0,0.0,0.0,0.0,0.0,1.1997875737008734,0.0,0.0,1.3559932587453292,0.0,0.0,0.0,0.0,0.8171603502799918,0.0,0.0
Sample_117,0.0,0.0,0.0,0.0,0.0,0.0,1.1843396164322908,0.0,0.0,0.0,1.0428708549585355,0.0,0.0,0.0,1.4566045652212336,0.0,0.0,0.0,0.67207605350551,0.0,0.23190474833547073,6.753204794947747,0.0,0.0,0.0,2.528588071433596,0.0,2.238159014450261,0.0,0.0,0.0,0.0,0.5708026297312974,0.0,0.0,0.0,0.0,0.0,0.0,0.6605795528969495,0.0,0.0,0.0,0.0,0.0,0.0,0.0,0.0,0.0,0.0
Sample_118,0.3170732690001098,0.0,0.0,0.0,0.0,1.9486183921737437,0.0,0.0,0.0,0.0,0.0,0.0,0.0,0.0,0.0,0.0,0.0,0.0,0.0,0.0,3.133817609124306,0.0,3.270734468603796,0.0,0.0,6.0839745990246845,0.0,0.3248243486211893,0.0,0.0,0.0,0.03422950953198876,6.456174975624967,0.0,0.0,0.0,1.6733813210412196,0.0,0.0,0.0,0.0,0.0,1.2307543316310425,0.0,0.1499065963272196,0.0,0.0,0.0,0.0,0.32358341439118193
Sample_119,0.0,0.0,0.0,0.0,0.34206040997013365,0.0,0.0,0.0,0.0,0.0,0.0,0.0,0.0,1.39378650075045,0.0,0.0,0.2842118843814916,0.0,1.5804072088984829,0.18746372219254104,0.0,0.0,0.0,0.0,0.19020634450896035,0.0,0.0,0.0,0.0,0.2133129759414719,0.0,0.0,3.110978940322702,0.0,0.0,0.0,0.0,4.1378426998940565,0.0,0.0,0.0,0.27189259143908656,0.0,0.35075614172940356,0.0,0.0,0.22364384749618327,0.0,0.0,0.0
Sample_120,0.0,0.0,0.0,0.0,3.7704240478717184,0.0,0.0,1.3479149307780605,0.0,0.0,0.0,0.0,0.0,0.0,0.0,0.0,0.0,0.0,0.0,0.0,0.0,0.0,0.3699123431721179,1.2348656533755094,0.7337038032077794,0.0,0.0,0.0,0.0,0.0,0.0,0.0,0.0,0.5974235215836614,0.0,1.2241101558339629,0.0,0.461313872942018,0.0,0.04275337058426191,0.0,0.0,0.0,0.0,0.4587740848748519,2.709555660736062,0.0,0.0,0.0,4.149274707917626
Sample_121,0.0,0.0,0.0,0.0,0.0,0.0,0.0,0.0,0.0,0.0,0.0,0.0,0.0,1.574145212121537,0.6287160411598498,2.4240013571764183,2.151169771783742,0.0,0.0,0.0,0.10685167017802627,0.0,0.0,0.0,0.0,0.0,1.4255820281048301,0.0,0.32801486050212897,0.0,0.0,2.823717502434156,1.5515876362834806,0.0,0.0,0.0,0.0,0.0,2.0289236470244325,0.0,0.0,0.0,0.22947619100343206,4.173867431085081,0.0,0.0,0.0,0.0,0.0,5.844476470742325
Sample_122,1.7339130588811398,0.0,0.0,0.0,0.0,0.0,0.0,0.0,0.0,0.0,0.0,0.0,0.0,0.0,0.0,1.3425793180448315,0.0,8.620452705022092,0.0,0.0,0.0,0.0,0.11210240621830356,3.6211475556279593,1.43462824847277,0.0,0.0,0.0,0.0,0.0,1.800325065733451,0.4717428562074816,0.0,0.0,0.0,0.0,0.0,0.7054060103549441,0.0,0.0,0.0,0.0,3.0533732072976854,0.0,2.3548393805257937,0.0,0.0,0.0,0.0,0.0
Sample_123,0.0,0.0,0.0,2.101102329474524,0.18954240130102953,0.0,0.5983146942863918,0.0,0.0,0.0,1.3724043946869668,0.0,0.0,0.0,0.0,0.0,0.0,0.0,0.9347443045424355,0.32835930708809774,3.2034703600998258,0.0,0.0,0.0,0.0,1.9788338950258049,0.0,8.528013458579446,0.0,0.9893749263847827,0.0,0.0,0.0,0.0,0.0,0.0,0.0,2.103787877499106,0.0,0.0,0.0,0.0,0.0,0.0,0.0,0.0,0.0,0.0,0.0,0.0
Sample_124,0.0,0.0,0.0,0.0,0.0,1.596468450145319,0.0,0.0,0.0,0.0,0.0,0.0,0.3406582642177229,0.0,0.0,0.0,7.97149247942405,0.0,0.0,0.0,0.0,0.0,0.1357571740175722,0.0,0.0,0.0,0.0,0.0,0.0,0.0,0.0,0.0,2.87254555599435,0.0,0.0,0.0,4.0457164509639645,0.0,0.0,0.0,0.0,0.0,6.060747082630013,0.7705040987476135,0.0,0.0,0.0,0.17385765108647663,0.0,0.0
Sample_125,0.0,0.0,0.0,0.0,0.0,0.0,0.0,0.0,0.0,0.0,0.0,1.485745390324972,0.0,0.0,0.0,0.0,0.0,0.0,0.0,0.0,1.925208500128257,1.42469618060364,1.5782137335253004,0.0,0.16996991269055423,0.0,0.0,0.0,0.0,0.10829956126922825,0.0,0.0,0.0,1.4214250405054087,0.0,2.731029376536591,0.0,0.0,0.0,0.0,0.0,0.0,0.0,0.0,0.0,0.0,0.0,0.0,0.0,0.0
Sample_126,0.0,0.0,0.0,1.684362932724262,0.0,6.910407474595393,0.0,0.0,0.0,2.2393235577695445,0.0,0.0,0.5495185807953071,0.0,0.0,0.0,0.0,0.0,0.0,0.0,0.0,0.0,0.0,0.0,0.0,0.0,0.0,0.0,0.0,4.411577383388659,0.0,0.0,0.0,0.0,1.2309459421440556,0.0,0.0,0.0,0.0,0.0,0.0,0.0,0.0,0.0,0.0,0.0,0.0,0.7995538742621934,0.0,3.889123934693071
Sample_127,0.0,0.0,0.0,0.0,0.12324507176324896,4.389242984476584,0.0,0.0,0.0,5.649961036511827,0.0,0.0,0.0,0.0,0.0,0.0,0.9740635827335482,0.0,0.0,0.0,0.0,0.0,0.0,0.0,0.0,0.0,0.0,0.0,0.0,0.0,0.0,0.0,4.26797031666813,0.0,0.0,0.0,0.0,0.0,0.0,0.0,0.0,0.0,0.0,0.0,0.0,1.549555404170977,6.935616293809899,1.3241233191698185,0.13142815460538684,0.0
Sample_128,3.678912212795151,0.0,0.0,0.0,0.0,0.42451140201113996,0.0,0.0,0.0,0.0,0.0,2.3173052688038545,0.0,0.0,0.0,0.0,0.0,0.0,0.0,0.0,0.0,0.0,0.0,0.0,2.5032328870661464,0.0,0.0,0.0,0.0,0.0,0.0,0.0,0.0,0.0,0.0,0.0,6.011709126583529,0.0,1.1045874110419984,0.0,0.0,0.0,0.0,0.0,0.0,0.0,0.0,0.0,0.0,3.0325431341863704
Sample_129,0.0,0.0,0.0,0.0,0.0,0.0,0.0,0.0,0.0,0.0,0.10750390735716236,0.0,0.0,0.0,1.42050137158793,0.0,0.0,2.5977600687451887,0.0,0.0,0.0,0.0,3.145631217731969,0.0,0.0,0.0,0.0,0.0,0.0,3.6854588076922155,0.0,0.0,0.0,0.0,0.0,0.0,0.0,0.0,0.0,1.8677545260513664,0.0,0.0,0.0,0.0,0.0,0.0,1.638040660316842,0.0,0.0,0.0
Sample_130,0.0,0.0,0.0,0.017063743470831227,2.862633521251403,0.0,0.0,0.0,2.8124435170450837,0.0,0.0,0.0,0.0,0.0,0.33646194119216843,0.8807155053540497,0.0,0.0,0.9770279937048786,0.0,0.0,0.0,0.16352642209818383,0.0,0.0,2.4538251488571516,0.0,0.6312952556529727,0.0,0.0,0.0,0.0,0.0,0.18120602571681055,0.0,1.0562953149271326,0.0,0.0,0.0,0.0,0.0,0.7181047974954212,0.0,0.0,0.0,0.0,0.0,0.0,0.0,0.0
Sample_131,0.0,0.0,0.0,3.2912395066039775,0.0,0.0,0.0,1.539448103888758,0.0,0.0,0.0,0.0,0.0,0.0,0.0,0.0,0.0,0.0,0.0,2.585376125650853,0.0,1.0429859876948273,0.0,1.5566567458677971,0.0,0.0,0.0,0.0,0.0,0.0,0.0,0.0,0.0,0.0,0.0,0.0,4.747444323398766,0.0,0.0,1.1949613674133563,0.0,0.0,1.3647985051053626,0.0,0.0,1.0572959967249387,4.5773034410551015,0.0,0.0,0.0
Sample_132,0.0,0.0,0.0,0.39283653012841513,0.5472160531188465,0.0,0.0,0.0,0.0,0.0,0.0,0.0,0.8514951103807854,0.0,0.0,0.0,0.0,2.728613091958098,0.0,0.0,0.0,0.0,0.5656497680728125,0.0,0.0,0.0,0.0,0.0,0.0,0.0,2.130950733450333,0.0,0.0,0.7402979448887466,0.0,0.0,0.0,0.0,0.0,0.0,0.0,0.0,0.0,0.0,0.0,0.0,0.0,0.0,0.0,0.0
Sample_133,1.693589590065348,0.0,0.0,0.0,0.0,0.0,5.31628598342503,1.575282403608108,0.0,0.0,0.0,0.0,0.0,3.4716408320184526,3.8902273292945897,1.0726533136680023,0.0,0.0,0.0,0.0,0.0,0.0,0.0,0.0,0.0,0.18785717799965532,0.0,0.0,0.0,0.0,0.0,0.0,0.0,0.0,0.3510520337826965,1.6563966592198696,0.0,0.0,0.543945146018918,0.0,0.0,0.24036960136219312,0.0,3.958741036954072,0.0,0.0,2.2736983769660273,0.0,0.0,0.0
Sample_134,0.6776771631840569,0.0,0.0,0.0,0.0,0.0,0.0,1.6987375394212434,0.0,0.0,0.0,0.3481103399793545,0.0,0.0,3.148528111940478,0.0,0.0,0.0,0.0,0.0,0.23946108680120864,4.080825163361041,0.0,0.0,0.0,0.0,0.0,1.2081353994331525,0.0,0.0,0.0,0.0,0.0,0.0,0.0,0.0,0.0,0.0,3.8019909338371027,1.5994404203426935,0.0,0.0,1.0165868719532327,0.0,0.0,0.0,0.0,0.0,0.0,1.4965468481166866
Sample_135,0.0,0.0,0.495357662379425,0.0,1.1356772692103285,3.2157968161864425,0.0,1.1113611112254733,0.0,0.0,0.0,0.0,0.02580911257774563,0.0,0.0,0.0,0.0,0.0,0.0,2.4742668488699664,0.0,0.0,0.0,0.0,0.0,0.0,0.0,0.0,0.0,0.0,0.0,0.0,0.0,5.014832941704959,0.0,0.0,0.0,0.0,0.0,6.885424985523108,4.92431857737434,0.36532365904303266,0.25829451688325505,0.0,0.0,0.0,1.0766846131093817,0.0,0.0,0.0
Sample_136,0.5143280237405676,0.0,0.0,3.0400231754444262,0.0,0.7920400131774586,0.0,0.0,4.806727687610114,0.0,0.0,0.0,0.0,0.0,0.0,0.0,0.9979228203562553,0.0,0.0,0.0,0.0,0.17310932200665138,0.0,0.8317067428668307,0.0,0.0,0.0,0.0,0.0,0.0,0.0,0.4610598036377814,0.0,0.0,0.0,0.0,0.46354100188671465,0.0,0.0,0.0,0.0,0.0,0.0,0.9676125492222795,0.0,0.0,0.0,0.0,0.7715001580724368,1.0955818033651687
Sample_137,0.0,0.0,0.0,0.0,0.0,0.10753413155343639,0.0,0.0,3.8141949450557444,0.0,1.0759506289002125,0.0,0.4476992500213445,0.0,0.0,0.0,0.0,0.0,1.9108316704649833,1.0618748629887258,0.0,0.0,0.0,0.0,0.0,0.08072234010443517,0.0,0.0,0.0,0.0,0.0,0.0,0.0,0.0,0.0,0.0,0.0,0.0,1.3781055186377003,0.0,0.0,0.0,0.0,0.0,0.0,0.0,0.2935297392559739,0.5192799111383293,0.0,0.0
Sample_138,2.7945256938677976,0.0,0.0,0.014243665296481415,3.4229216854686793,0.0,0.0,0.0,2.4255533998563616,6.246225078466943,0.0,0.0,0.0,0.0,0.7080721612537175,0.0,0.0,0.0,0.0,0.0,0.0,1.8410323360403855,0.0,1.066628072675355,0.0,0.0,0.0,3.5196491730829784,0.0,0.0,0.0,0.0,5.4612678216314725,3.603095740016866,0.0,0.0,0.0,0.0,0.3424584100946526,0.06312195882604858,0.0,0.0,0.0,0.0,0.0,0.0,0.0,0.0,0.0,0.0
Sample_139,0.07914441567668787,0.0,3.5586241816244084,0.0,0.8635443226442555,0.9458096762479691,0.0,0.0,0.5521509435540393,0.0,0.5766524177255749,0.0,0.0,0.0,0.0,4.014539998215989,0.0,0.0,0.0,0.0,0.0,0.0,0.0,0.0,0.0,0.0,0.08178792411193443,8.31099094379766,0.0,0.0,0.0,0.0,0.0,1.767491754774291,0.0,3.617224756718363,0.0,0.0,1.5430484430145583,0.0,0.0,0.0,0.0,0.0,0.0,0.0,0.0,0.04110162127073137,0.0,0.0
Sample_140,0.0,0.0,0.0,0.0,0.0,0.0,0.0,0.5672882385169236,0.0,0.0,0.0,0.0,2.260786706576163,0.0,0.280857952481654,0.0,0.0,1.3765823138565974,0.0,0.40404370140793117,0.0,0.0,0.0,0.0,0.0,0.0,0.0,0.0,0.0,2.6810786287416466,0.0,0.0,0.0,1.3240122646546368,0.0,0.0,0.0,0.0,0.0,0.17939932325354818,0.0,0.0,2.337721818722428,0.0,0.8823602350994404,1.7953452288303766,0.0,0.0,0.0,0.0
Sample_141,0.018415624547969772,0.0599686732479937,0.0,0.0,0.0,0.0,0.0,0.56139988771328,0.0,1.0754129097053635,0.0,0.0,0.0,0.42459855474351293,0.0,0.0,0.0,0.0,0.0,0.0,0.0,0.0,0.0,4.23159195311027,0.0,0.0,0.0,0.0,0.0,5.80530183309403,0.0,0.0,0.0,0.0,1.332786118987947,2.6829405943218894,0.0,0.0,2.2115971887420565,0.0,0.0,0.28445032544033544,0.0,0.0,5.423909940638334,0.0,0.0,0.0,0.0,0.0
Sample_142,0.0,0.0,6.559658438095513,0.0,0.0,0.0,1.4609668607060295,0.0,0.0,0.0,0.0,0.0,0.0,2.4033703203293104,2.483500383789095,0.10673003180308291,0.0,1.2259135144186057,0.608750819421831,0.0,0.0,0.0,0.0,0.0,0.0,0.0,0.0,0.0,0.0,1.3920685833060318,0.5321667289950548,0.0,0.0,0.0,0.0,0.0,0.0,0.955827394092789,0.0,0.0,0.0,0.0,0.0,0.0,0.0,0.0,0.0,0.0,0.0,0.0
Sample_143,0.0,0.0,0.0,0.0,0.0,0.0,0.0,0.0,0.0,3.1662044462130936,0.0,0.0,0.0,0.0,0.0,0.0,0.0,2.5084442798125104,0.0,0.0,0.0,0.0,0.2821257817541388,0.0,4.5092128544067425,0.0,0.0,0.0,0.0,0.0,0.0,0.0,0.0,0.0,0.0,0.0,0.0,0.0,0.0,1.1384950891478587,0.0,0.0,0.0,0.0,0.0,0.0,0.0,0.0,0.3556298247218544,3.3470320937867064
Sample_144,0.0,0.0,0.0,0.0,0.0,0.0,0.0,0.08974597822865851,2.5485989350654723,0.0,0.0,0.0,0.0,0.0,3.2786725873797433,0.0,0.0,0.0,0.0,0.0,0.0,6.643812119546893,0.0,0.0,0.0,0.0,0.0,0.0,0.0,0.0,0.0,0.0,0.0,0.0,0.0,0.0,0.0,0.0,0.0,0.0,0.0,0.16240680592659795,0.0,1.3576261957560347,0.0,0.0,0.3451866216607912,1.3367836197372198,0.0,0.0
Sample_145,0.0,0.0,0.0,0.0,0.08286459504845343,0.0,0.0,0.0,0.0,0.0,0.0,0.0,0.0,0.0,0.0,0.0,0.0,0.0,1.1694321078572252,0.0,0.0,0.0,0.0,0.0,0.0,0.43081989082447425,0.0,0.0,0.0,0.0,0.0,0.0,0.0,1.4616689158139262,0.0,0.5332970727818617,0.0,0.0,0.0,0.0,0.0,0.0,0.0,0.0,0.0,0.0,0.0,0.0,0.0,0.0
Sample_146,0.0,0.0,0.0,0.0,0.0,0.0,0.0,0.0,0.4390652541695266,0.0,0.0,0.0,1.5557158418699892,0.0,0.0,0.9342790505565267,0.0,1.7308616319294685,0.0,0.0,0.0,0.0,0.0,0.0,0.0,0.16393407894915946,0.0,0.0,1.7774010824278856,0.0,0.0,0.0,0.0,0.0,0.0,0.0,0.0,0.0,0.0,0.0,0.0,0.05001478451311342,3.3241919650646334,0.0,0.0,0.12717498231056104,0.0,0.0,0.0,0.5751020864380112
Sample_147,0.0,0.0,0.0,0.0,0.0,0.0,0.0,0.0,0.0,0.0,0.0,0.0,0.0,0.0,0.0,1.5679207237447101,0.0,0.0,0.0,0.0,0.43689489480226185,0.0,0.0,1.0749375114808397,0.0,0.0,0.0,0.0,2.1797076764005876,0.0,0.6743730435962688,1.2327524133327092,0.0,0.0,0.0,0.0,0.0,0.0,0.0,0.2725745370041452,0.0,0.0,0.2882082927758412,0.0,0.0,0.0,0.0,0.0,0.0,0.0
Sample_148,1.5375111288048893,0.0,0.0,0.0,0.0,0.0,1.8717768809266795,0.0,0.0,0.0,0.0,0.0,0.0,0.0,0.0,0.0,0.0,0.0,1.904710882559354,0.0,0.0,0.0,0.0,0.0,0.0,0.0,0.0,0.025695209367244818,0.0,0.0,0.0,0.29756985565994726,0.0,0.0,1.0338439861519895,0.0,0.0,0.0,1.8289723113213283,3.295089023665168,0.23162074726462062,0.0,0.82150120786953,0.0,0.0,0.0,0.0,0.0,0.0,2.209783452968246
Sample_149,0.0,0.0,0.2672660180577972,0.0,0.0,0.0,0.0,0.0,0.0,5.331378478496701,0.0,0.0,0.0,0.0,0.0,3.4360120152458706,0.0,0.0,3.092699003596211,0.0,0.0,0.0,0.0,2.6084347596698922,0.0,0.0,0.0,1.5864482495875951,2.0459892608348653,0.0,0.0,0.0,0.0,1.3870862599662876,3.670704980823026,2.4165865287627586,0.0,0.8645700070949407,1.037224191785453,0.0,0.0,0.0,0.0,9.059510200782091,0.0,0.0,0.0,0.0,3.539727542606882,0.0
Sample_150,0.0,0.0,0.0,0.0,1.9916892285057688,0.0,0.0,0.0,0.0,3.32782883320009,0.0,0.0,0.0,0.0,0.0,0.0,0.0,0.11347213911877813,0.0,0.0,0.9151057276616221,1.5630825561171362,0.0,0.0,0.0,0.0,0.0,0.0,0.0,0.0,0.0,0.0,0.0,0.0,0.0,0.0,0.0,0.0,0.0,0.0,0.0,0.0,0.0,0.0,0.0,0.0,0.0,0.0,11.922211394875937,0.0
Sample_151,0.0,0.0,0.0,0.0,0.0,0.0,0.0,0.0,0.0,0.0,0.0,0.0,0.0,0.0,0.0,0.0,0.0,0.0,7.096143031740013,0.0,0.0,0.0,0.34213583067013303,2.346387694725757,0.0,0.0,0.0,0.0,0.0,2.777948010576462,0.0,0.0,0.0,0.0,0.0,0.0,0.0,0.0,0.0,0.04834808634571605,0.0,0.0,0.0,0.0,0.35997116727309464,2.336846855991963,0.0,0.0,0.0,1.792034801651397
Sample_152,0.0,0.0,0.0,3.3460053645933328,0.0,0.0,0.0,2.213604008068822,0.0,2.055999175267226,0.0,0.0,3.0090543456526118,1.3877283165916914,0.0,0.0,0.0,0.0,0.0,0.0,0.0,0.0,0.0,0.0,0.0,0.0,0.0,0.0,0.0,0.0,0.0,0.0,0.0,0.0,0.0,2.9228064666979314,0.0,0.7470706304728714,0.0,0.0,0.0,0.0,0.5932080160224101,0.0,0.0,0.0,0.0,0.0,0.0,0.6494070861006341
Sample_153,0.0,0.0,0.0,0.0,0.0,0.06309872882548137,0.0,0.0,1.541695092575773,0.0,0.0,0.0,0.541179015503813,0.0,0.0,0.0,0.0,0.0,0.0,0.0,1.615134480300274,0.0,0.0,2.7585485686875177,0.0,0.3009960407856958,0.0,0.0,0.0,0.0,0.0,0.0,0.0,0.0,0.0,0.0,0.0,0.0,0.0,0.0,0.0,0.0,0.0,0.7168709706908254,0.0,0.0,0.3757299720908867,0.0,0.0,0.0
Sample_154,0.0,0.0,0.0,0.0,0.0,0.0,0.0,0.0,0.0,0.0,0.0,0.18361146689561839,0.0,0.0,0.0,0.0,0.0,0.0,0.0,2.5389636489074023,0.0,2.467253897664981,0.0,0.0,0.8135779798866024,0.0,0.8342087835558014,0.0,0.0,0.0,0.0,0.0,0.0,0.0,0.0,0.0,0.0,0.0,0.0,0.0,1.5922766751737425,0.0,0.0,0.0,2.597528347938528,0.0,0.0,0.0,0.0,0.0
Sample_155,0.0771077551033726,0.05898128744547715,0.0,0.0,0.24501581386571394,0.0,0.0,0.0,0.0,0.0,0.5048615783621853,0.0,0.0,0.0,0.0,0.0,0.0,0.0,4.727729176819913,0.0,0.875224650054023,0.0,0.0,0.0,0.0,0.0,0.0,0.0,0.0,0.0,0.0,0.0,0.0,0.0,0.0,0.0,0.0,0.0,0.0,0.0,1.6801374788211565,0.0,0.13921605142254712,0.0,3.4377896227138995,0.0,0.0,0.0,0.0,0.02746744631731648
Sample_156,0.0,2.3945934215463742,0.0,0.0,0.0,1.0933163684312812,0.0,0.0,0.0,0.0,0.11384429161749168,0.0,0.0,0.0,0.0,0.0,0.0,0.0,0.0,0.0,0.0,0.06503493746107242,5.63282492596621,0.0,0.0,0.0,0.0,0.0,0.0,0.0,0.0,1.2221407892645297,0.0,0.0,0.0,0.0,0.0,0.0,0.0,0.0,0.0,0.0,3.2353695473285193,0.0,0.0,0.0,0.0,1.3484718950704695,0.0,0.0
Sample_157,0.0,0.0,0.6270113059012101,0.0,0.0,9.679808049075348,0.0,0.0,0.0,0.0,0.0,0.0,0.0,0.10111273704019474,0.0,0.0,0.0,0.2585435686939775,0.0,1.058524436342255,0.0,2.490089606355524,0.0,0.0,0.0,0.0,0.0,0.0,0.0,0.36985054300437326,0.0,0.0,0.0,0.0,0.609001715276627,0.0,0.0,0.0,0.8905096166170134,1.2900823776457093,0.0,0.0,0.0,0.0,0.0,0.0,0.0,0.0,0.0,0.0
Sample_158,0.0,0.0,0.0,0.0,4.484376293235767,0.0,0.0,3.562516709797054,0.0,0.0787118934251722,0.0,0.0,0.0,0.0,0.0,0.0,0.6428794296750093,0.0,0.0,0.0,0.0,0.0,0.0,0.0,0.0,0.0,0.0,0.0,0.0,0.0,0.0,0.0,0.0,0.0,0.0,0.0,0.0,1.2075703029661244,0.0,0.0,0.0,0.5186450066360098,0.0,0.0,0.0,0.0,0.0,0.0,0.0,0.22070215509735983
Sample_159,0.0,0.0,0.0,0.0,1.6808466982251624,0.0,0.0,0.5951024478285709,0.0,0.0,0.0,1.189033572170298,2.0250136727774453,0.0,0.0,2.958928094692814,0.0,1.9232401345764005,0.0,0.0,0.0,0.0,0.0,1.0569774754922823,0.0,1.042028478964713,0.0,0.0,1.4865090762982816,0.0,0.0,0.0,0.0,0.0,3.163492044284742,0.20843039558894402,0.0,0.0,0.0,0.0,0.0,0.6247038265092514,0.0,0.0,1.1992645048696555,0.0,2.458737257907183,0.0,0.0,0.29851457862861913
Sample_160,0.0,0.3863742629858922,6.4511141139538495,0.0,0.0,0.0,0.8198884312148088,0.0,0.0,0.0,0.0,0.5944374818532091,5.938339636146342,0.3720773089967923,0.0,0.0,0.0,0.0,0.0,1.691033596750769,1.1439456988604064,1.071763343312391,2.6389425188496762,2.3159366845912546,0.0,0.5752547645332876,0.0,0.0,0.0,0.0,0.0,0.0,0.0,0.2230112640964552,2.2981460185783322,0.0,0.0,0.0,0.0,0.0,3.9708121726483214,0.0,0.0,0.0,0.0,0.0,0.0,0.42404095715143064,0.0,0.0
Sample_161,0.0,0.0,0.0,0.0,0.0,0.0,0.0,0.0,0.0,0.0,0.0,0.0,0.0,0.0,0.0,0.0,0.0,0.5546278705724795,0.0,1.5093384379572576,0.6849451045303798,1.9825951499868153,0.0,0.0,0.0,0.0,0.0,5.424579686447554,0.0,0.0,0.0,0.0,0.0,0.0,0.0,0.0,1.0091813590360448,6.6383683146564,0.0,0.6790162899996898,0.0,0.0,0.0,0.0,0.0,0.0,0.0,0.0,0.0,0.0
Sample_162,0.0,3.472290993947943,0.0,0.0,0.0,0.0,0.0,0.0,0.0,0.0,0.0,0.0,1.0916287630888235,0.0,0.0,0.0,0.10736844298925699,0.0,0.0,0.0,0.0,3.244648655065939,0.0,0.0,2.032734497154017,0.6797821284926737,0.0,0.0,0.0,0.0,0.013622636950771426,0.0,0.0,0.0,0.0,0.0,0.0,0.0,0.0,0.9076877172093667,0.0,0.0,0.0,0.0,0.0,0.0,0.0,0.0,0.0,0.0
Sample_163,0.4246277013126166,0.0,5.527630766627263,0.947226626938181,0.0,0.0,0.0,0.0,0.0,0.0,0.0,0.0,0.0,0.0,0.0,0.0,0.0,0.0,0.0,0.0,0.0,0.0,0.20543637610914015,4.561565137416504,0.0,0.0,0.0,0.0,0.0,0.0,0.0,0.0,0.0,0.0,0.0,0.0,0.0,0.0,0.0,0.0,0.0,0.0,0.0,0.0,0.0,0.0,0.0,0.0,0.0,0.0
Sample_164,0.0,0.0,0.0,0.0,1.0649137964176394,0.0,0.0,0.0,0.0,0.0,0.0,0.0,0.0,0.04446365579278591,0.0,0.0,0.0,0.0,0.0,0.0,0.0,0.0,0.0,0.0,0.0,0.0,0.0,0.0,0.0,0.0,0.8176129736932666,0.0,0.0,0.0,1.7724709264954317,0.0,0.0,0.03624212588696951,0.15486490199285968,0.0,6.976085770876506,0.0,0.0,0.0,2.950890755451306,0.0,0.0,2.0680278678089294,0.0,0.0
Sample_165,0.0,0.0,0.0,0.48377272720927317,0.0,0.0,0.0,0.0,0.0,0.0,0.0,0.6312705797208689,0.0,0.0,1.0075174062425936,0.0,0.0,2.746703421847497,0.0,0.0,0.0,0.0,0.0,0.0,0.0,0.0,0.0,0.0,0.0,0.0,0.0,0.0,0.0,0.0,0.0,1.241492363727042,0.0,0.0,0.0,0.0,0.0,0.0,0.39640880041702203,0.0,0.0,2.796622090579298,0.0,0.0,1.261695313091615,0.0
Sample_166,0.0,0.10105802270044377,0.0,1.5899210419645589,0.0,0.0,0.0,0.0,0.0,0.0,0.0,0.0,0.0,0.0,0.0,0.0,1.1859971828494513,0.0,0.0,0.24004549758836757,0.0,0.0,0.0,2.7215984408908414,0.0,0.982480945468228,0.37449200427352775,0.0,0.0,0.0,0.0,0.0,2.1747884087233365,0.0,0.0,0.0,0.0,0.0,0.0,0.0,0.0,0.18781223319527515,0.0,0.0,0.0,0.0,0.0,0.0,3.9091222387077273,0.0
Sample_167,0.0,0.0,1.7509354426537163,0.0,0.0,0.0,0.007453191918566619,0.552841379323477,0.0,0.0,0.0,7.889941703090776,0.8624040714195548,1.203627757434358,0.286622234615154,0.09829169295144329,0.0,1.6911202259596498,0.0,0.3247150588976369,0.0,0.0,0.0,0.0,0.0,0.0,0.0,0.0,0.0,0.0,0.4439941995518674,0.0,0.0,0.0,0.0,0.0,0.0,0.0,0.0,0.0,0.0,0.0,2.1227664091691523,0.0,0.0,0.0,0.0,0.0,0.0,0.0
Sample_168,0.0,0.0,0.0,0.0,5.800291011492512,0.0,0.0,0.0,0.0,0.0,0.0,4.635110194945274,0.0,0.0,0.0,0.5824781212038119,0.0,0.0,0.0,0.0,0.0,0.6623956179616449,0.0,0.0,4.13114601884495,0.0,0.0,0.0,0.0,0.0,0.0,0.5698582633612812,5.2563944517083545,0.0,0.0,0.0,0.0,0.0,0.0,0.0,3.324657586918614,0.0,0.0,0.0,0.0,7.632827898604926,10.330367122272333,0.0,0.0,0.0
Sample_169,0.0,0.0,0.0,0.0,0.0,0.0,0.0,0.0,0.0,0.0,0.0,0.0,2.4937704040066357,2.3296998262217015,0.7693167937383288,0.0,0.0,0.0,0.0,0.0,0.0,0.0,0.0,1.1116670969804385,0.0,0.045522828338869954,0.0,0.0,0.0,0.0,0.0,0.0,0.0,0.0,0.0,0.0,0.0,4.37072570584052,0.0,0.0,0.0,2.242894772199142,0.0,0.0,0.0,0.0,0.0,0.0,0.9824429498748259,0.0
Sample_170,4.920453874875766,7.587940666389901,0.0,0.0,0.0,2.2760695045568395,0.0,0.0,0.0,3.5229970645952644,0.0,0.0,0.0,0.0,0.0,1.5619178068150337,0.0,0.0,0.0,0.0,0.0,0.0,0.0,0.0,0.0,0.0,0.0,0.0,0.0,0.0,0.0,0.0,0.0,0.5008423310381829,0.0,0.0,0.0,0.0,0.0,0.0,0.0,0.0,0.0,0.0,0.0,1.5654496924006256,0.0,0.0,0.0,0.0
Sample_171,0.0,0.0,0.0,0.0,0.0,0.0,2.3260763782135196,0.0,2.0446969530363512,0.0,1.083021946605547,0.0,0.0,0.0,0.0,0.0,0.0,0.2056325663428165,0.0,0.0,0.0,0.0,0.0,0.0,0.04122519627196969,0.0,0.0,0.0,0.6666456204894865,0.0,2.2430636876599284,0.0,0.0,0.0,0.0,0.0,0.0,0.0,1.8654105595460904,1.853993251920667,3.510756510675283,1.1067788733374526,0.0,0.0,1.5365704152919397,0.0,0.0,0.0,0.0,0.0
Sample_172,0.0,0.0,0.5169672958246676,0.0,0.0,0.0,1.5407879943814062,0.0,0.0,4.24757117726289,0.0,1.0623750876250455,0.0,0.0,0.0,0.0,0.0,0.3907694229383436,0.5813013066104511,3.329166339918882,0.0,0.29220934902424944,0.0,0.48204550365041543,0.0,0.0,0.31024009111737993,2.4752872027325927,0.0,0.0,0.0,0.0,0.0,0.0,0.0,0.0,0.0,0.0,0.0,0.0,0.0,0.0,0.0,0.0,0.0,0.0,6.586686631071671,0.0,0.0,0.0
Sample_173,0.0,3.524923486807359,0.0,0.0,0.0,0.0,0.0,1.3992128218234166,0.14040805748686422,0.0,3.2794863116979327,0.0,2.18203682623164,1.1123152024141458,0.0,0.0,0.0,0.0,0.0,1.369235361092421,0.7515720645165179,0.0,0.49709260987586884,0.9837825244043834,0.0,0.0,0.0,0.0,0.0,0.0,0.38738622819821056,2.719950834690748,0.0,1.210886144410004,0.0,8.043383201279264,0.0,0.0,0.18823843422262246,0.0,0.0,0.0,0.0,0.11088289394723155,0.0,1.4053426850085895,0.0,0.0,0.0,0.0
Sample_174,0.0,0.0,0.0,0.0,0.0,0.0,0.0,0.0,0.0,0.0,0.0,0.0,0.0,0.0,0.3591929886914543,0.0,0.0,0.0,0.0,0.3730270001949683,0.0,0.0,0.0,0.0,0.0,0.0,0.0,0.0,2.964500138625988,0.8279118853923453,0.0,0.0,0.0,0.0,1.6714671673416526,0.0,0.0,2.635312863790731,0.1837326444618298,0.0,0.0,0.0,0.0,2.522017298663959,0.0,0.0,0.0,1.4135595296891874,0.27059804780663,1.294896746325118
Sample_175,0.0,0.5975247535452334,0.0,0.0,0.0,3.682194885280652,1.0717659281380554,0.0,0.0,0.26229403511135396,0.0,1.0281682692857301,0.0,0.0,0.0,0.0,0.0,0.0,0.0,0.0,0.1752021675966949,0.0,0.0,0.15019806059542123,0.0,0.0,0.0,0.7979893620736549,0.9933664373414066,0.0,0.8402764852776339,0.0,0.0,1.432979805687322,0.0,0.0855653178984613,0.0,0.0,5.056388013493555,0.0,1.7042838777252753,3.8432342563786506,0.5539531047914477,0.0,0.0,2.6369322326266356,0.0,0.0,1.1561730062511242,0.0
Sample_176,5.054304647583977,0.0,0.0,0.0,0.0,0.0,0.0,0.13332834243607544,0.0,0.0,0.0,0.0,0.0,0.0,0.0,0.0,0.0,0.0,0.0,0.0,0.0,0.0,0.0,0.0,5.171252048583411,0.2387028296261828,0.0,0.8099533539768657,0.0,0.0,0.0,0.0,0.0,0.0,3.326024598051478,0.0,0.0,0.0,0.7449497050841543,0.0,0.0,0.0,0.0,0.0,0.0,0.0,0.0,0.0,0.0,0.0
Sample_177,0.0,0.0,3.0330047611790936,0.0,0.0,0.0,2.0322400085155214,0.0,0.0,0.0,0.0,0.0,4.118694621003291,0.0,0.0,0.0,0.0,3.534310657101452,0.0,1.6919116418570812,0.0,0.0,0.0,0.0,0.0,0.0,0.0,0.0,0.0,0.0,0.0,0.516043906604458,0.0,0.0,0.0,0.0,0.0,4.479870148505925,0.0,0.0,0.0,0.0,0.0,5.297515761928237,0.0,3.989257001267998,0.0,0.0,0.0,0.0
Sample_178,0.6419113247160699,0.0,0.010676829167432813,0.0,0.0,0.7792338347113545,0.0,3.8141312155953817,0.0,3.837000221152712,0.0,0.0,0.0,0.0,0.0,0.0,0.0,0.0,0.0,0.0,0.0,0.0,0.0,0.0,0.0,1.6163198055376646,0.0,0.0,0.0,0.0,2.8119538271445403,2.0922012160675343,0.0,0.0,0.0,0.0,0.9433437715736736,0.0,0.0,0.0,0.0,0.0,0.8321974028269089,0.0,0.7021399623729702,0.0,0.0,0.0,0.0,5.374852870723001
Sample_179,0.0,0.0,0.0,0.0,0.0,0.0,0.0,0.0,0.0,0.0,0.0,0.0,0.0,0.0,0.0,0.0,0.0,0.0,0.0,0.0,0.0,4.104363859482238,0.0,0.729346430946071,0.0,0.0,0.0,0.0,0.0,0.0,0.8561290430387399,0.0,0.9047971245221563,0.0,0.0,0.0,0.0,0.0,2.661477028176835,0.0,0.0,0.0,0.0,0.0,0.0,0.0,0.0,0.0,0.0,0.0
Sample_180,0.0,0.0,0.08328010273239429,0.7566970427237912,0.0,6.015365430208766,0.0,0.0,0.0,0.44922167228534077,0.0,3.8301083996873926,2.9822738641169213,0.0,0.0,0.0,0.0,0.0,0.0,0.0,0.0,0.0,0.0,0.0,0.0,0.0,3.066687635012295,0.0,0.0,0.4575797705283335,0.0,0.0,0.0,2.8125060344678308,0.7990262852485858,0.0,0.0,7.815507541424634,0.0,0.0,0.0,0.0,0.0,0.0,0.0,0.0,0.0,0.0,0.0,0.0
Sample_181,1.7179575415107664,0.0,0.0,0.0,0.0,0.0,0.0,0.0,0.5037271915318446,0.0,0.0,0.0,0.0,0.0,0.0,0.0,0.0,0.0,0.0,3.9632212039512504,0.0,0.0,0.0,4.50886117469613,0.998290758342876,0.0,1.074976062327609,0.0,2.474402360252573,0.0,0.0,0.0,0.0,0.0,0.0,0.0,0.0,0.0,1.3127587614019811,1.9212913102512121,1.0380879853714655,0.0,0.0,0.0,0.0,0.0,0.0,1.0456759631116832,0.0,1.5713150771961184
Sample_182,0.0,0.0,0.0,0.0,0.3705010450681994,0.0,0.0,0.0,0.0,0.0,0.0,0.0,0.0,0.0,6.438345778931312,0.0,0.0,0.0,0.0,0.0,0.0,3.8676808338767166,0.0,0.0,0.0,0.0,0.0,0.0,0.0,0.0,1.1218629861566045,0.0,0.24195311529790287,2.2548989562266177,2.4219759623442583,0.0,2.607372261633271,0.0,0.0,0.0,0.0,0.03153388569999008,0.0,0.0,0.0,0.19585946205769098,0.0,0.0,0.0,0.0
Sample_183,0.0,0.0,1.8290524106867059,0.0,0.0,0.0,1.3907781868405802,2.3228003110578097,0.0,1.7494275525493466,0.0,0.0,0.0,0.0,0.0,0.0,1.5394872779618596,0.0,0.0,0.0,0.0,1.7796254707765449,0.0,0.6195217612562574,0.0,0.0,0.0,0.0,0.0,0.0,0.0,0.0,0.0,0.0,0.0,0.0,0.0,0.0,1.371229161872084,2.342136022201122,0.0,0.0,0.0,0.0,1.3566032622055402,4.927531016732848,1.3435406761020225,0.0,0.44473974888528656,0.0
Sample_184,0.08651343819608404,0.0,0.0,0.0,0.0,0.0,0.5546607189485504,0.0,0.0,0.0,0.0,1.4142087252129,0.0,0.0,3.329062868095531,0.09156738751347844,0.0,0.0,0.0,0.0,0.0,1.4758057284987933,0.0,0.0,0.0,0.0,0.6857798686001976,0.0,0.0,0.0,0.0,5.72634760684168,0.0,0.0,0.0,0.0,0.0,0.0,1.0353978743944006,0.0,0.0,1.5918742530118943,1.5457941409271985,1.6651577957392907,5.94032080702045,0.0,0.0,0.0,0.0,0.20737858514636553
Sample_185,0.0,0.0,3.748558896215651,0.0,0.0,0.0,0.0,0.0,0.3600101052560003,0.0,0.6154056683279994,0.0,0.0,0.0,0.0,0.21056965272113273,0.0,0.9237173810712274,2.0912855064059372,2.584803838293661,0.0,4.320001838133101,0.0,0.0,0.0,5.705028720774277,0.0,0.0,0.0,0.0,0.0,2.90302552448783,0.0,2.5209188593244054,0.0,0.47464448345523996,0.0,0.0,0.0,0.0,2.2417242067200416,0.0,3.708476012257512,0.0,0.0,0.0,0.0,0.0,0.0,3.879847996377213
Sample_186,0.0,0.0,0.0,0.0,0.16294533942090608,3.103460398455975,0.0,0.3550315697291459,0.0,0.0,0.0,3.5468592964444774,0.0,0.0,0.0,0.0,1.5157161485111743,0.0,0.0,0.0,0.0,0.0,0.0,0.0,0.0,0.0,0.0,0.0,0.0,0.0,0.0,0.0,1.725855644864095,0.0,1.530888534597568,4.1846178463565,0.0,0.0,0.0,0.0,5.956274235912185,0.0,0.0,0.0,0.9497302535432586,0.0,0.0,0.0,0.0,0.0
Sample_187,0.0,0.0,0.0,0.0,0.0,0.0,0.0,0.0,0.0,0.0,0.0,0.0,0.0,0.0,0.0,0.0,0.0,0.6141492580455442,0.0,0.0,5.163390583474461,0.0,1.7493308228610929,0.0,0.0,0.0,0.0,0.0,0.0,0.0,3.4619467275105795,0.0,0.0,0.0,0.0,0.0,0.0,0.0,0.0,2.5121950181813477,0.0,0.0,0.0,0.0,0.0,0.0,7.051707924541578,0.0,0.0,0.0
Sample_188,0.0,0.0,0.0,0.0,0.0,0.0,0.0,0.0,0.0,0.0,0.0,0.0,0.0,0.0,3.355242372943423,0.0,5.201673642469235,0.0,0.0,0.0,0.0,2.3416951291575687,0.0,0.0,0.0,0.0,0.0,0.0,0.0,0.22400037770931244,0.0,0.0,0.0,3.262552547053069,0.0,0.0,0.011294456736735996,0.0,0.0,0.0,1.3917056495677718,0.08873399662747719,0.8568881552194789,0.0,0.0,0.0,1.3676521028844035,1.1161552012217986,0.0,0.0
Sample_189,0.0,0.0,0.0,0.0,0.0,0.0,0.18537633404475823,1.8780908909497525,0.6799502407773268,0.0,0.0,0.0,0.15780860112850978,0.0,0.0,0.0,1.2676250854102664,0.0,0.0,0.0,0.7782146327865094,0.0,0.0,0.0,0.0,0.0,0.0,0.0,8.997248930684314,0.0,0.0,0.0,0.0,3.724911157493125,0.0,0.0,0.0,0.0,0.0,0.0,0.41339160561621885,0.0,0.0,0.0,0.8133409041153318,0.0,0.0,0.0,1.2706967104519553,0.0
Sample_190,0.0,0.0,2.6437230516244417,0.0,2.0728404102216467,0.0,0.0,0.0,0.0,0.0,0.0,0.0,0.0,0.0,0.0,0.8318643410573059,0.0,0.0,0.0,0.0,0.0,0.21604915066060046,0.1269570706872159,0.0,0.0,0.0,0.0,0.0,0.0,0.0,0.0,0.0,0.0,0.0,0.0,0.0,0.3984998378206201,1.0436646447067592,0.0,0.0,0.0,0.0,0.0,0.0,0.0,0.0,1.377340687556903,0.0,0.0,0.0
Sample_191,0.0,0.0,0.0,0.0,2.1208921062451016,0.0,3.362180759233732,0.0,0.0,0.0,0.0,0.0,0.0,0.0,0.0,0.0,0.0,0.0,0.0,0.0,0.0,0.0,0.0,2.7065163868629654,0.0,0.0,0.0,0.0,0.0,0.0,0.0,0.0,0.22348290661859946,0.0,0.0,0.0,0.0,0.0,0.0,0.0,0.0,1.3904882664360436,0.0,0.0,0.0,2.231087276447909,0.0,1.5132417744834787,0.0,0.0
Sample_192,0.0,0.0,0.0,0.0,0.0,0.0,0.0,0.4352442626472899,2.052633730133895,0.0,1.6430589680610683,0.0,0.0,0.0,0.0,0.0,0.0,0.0,0.0,3.052507023849172,1.215107787397067,0.0,0.0,0.0,0.0,0.0,0.0,0.0,0.0,0.7977331871679244,1.4198205764083782,0.0,0.0,3.4281323650206192,0.0,0.0,0.0,0.0,0.9661013332628667,0.0,0.0,0.0,0.0,0.0,0.0,0.0,0.0,0.0,0.0,0.0
Sample_193,0.0,0.0,0.0,0.0,0.8496238354041667,0.0,0.0,0.0,0.0,0.0,0.0,0.0,0.0,0.0,0.0,0.0,0.0,0.6345258792806909,0.3719490153771768,0.0,0.0,0.0,0.0,0.0,0.0,0.0,0.0,0.0,0.0,0.0,0.0,0.0,0.0,0.0,0.0,0.0,0.0,0.0,0.0,0.0,0.0,0.0,0.0,0.0,0.6167758891889272,0.0,3.1448302753734465,0.0,0.07340551692540573,0.0
Sample_194,0.8467892866588297,0.0,0.0,0.0,0.5011510688198972,0.0,0.0,0.0,0.0,0.0,0.0,0.3177489662589453,7.070888771478989,0.0,0.0,0.0,0.0,0.0,0.0,0.0,2.9050897029130054,0.8274013648731614,0.0,1.0942080690202685,0.0,0.0,0.0,0.0,0.0,0.0,0.0,0.0,0.0,0.0,0.0,0.0,0.0,0.0,1.3948391521941916,0.0,0.0,0.0,0.0,0.0,0.0,1.702641707480872,0.0,0.0,1.0713838281857464,0.0
Sample_195,3.0731462711988944,0.0,0.0,0.0,0.0,0.0,0.0,0.0,0.0,0.0,0.0,3.5237051229236274,0.5803125611522918,0.0,0.0,0.0,0.0,1.2338030707949386,0.0,0.8708326551735386,0.0,0.0,2.269621659956159,0.0,0.0,0.0,0.0,0.0,2.9492550975783094,0.0,1.0530461088487306,0.0,0.0,10.814679642444208,0.0,0.0,0.0,0.0,0.0,3.332179232156838,3.9177977515175315,0.0,0.0,2.477427636691108,0.0,0.0,0.0,0.0,0.0,0.0
Sample_196,0.0,0.0,0.0,0.0,0.0,0.0,0.0,1.6444142098510814,0.8071554531390029,0.0,0.0,1.4746141167021722,0.0,3.2799643976229342,0.0,0.0,0.0,0.0,0.0,0.0,0.0,0.0,0.0,0.0,0.0,0.0,0.0,0.0,0.0,0.0,1.0993978852201594,0.0,0.0,0.0,0.0,0.0,4.438008040729009,0.0,0.0,0.7017446207408828,0.0,0.0,0.0,0.0,0.0,0.0,0.0,0.0,3.5547960700186882,0.0
Sample_197,0.0,0.0,0.0,0.0,0.0,0.0,0.0,0.0,0.3690831827984367,0.0,0.0,0.0,0.0,0.0,0.0,5.5764027312028555,0.0,0.0,0.05997424325407094,1.1380936147551188,0.0,0.0,0.0,0.0,0.0,0.0,1.1776416603447393,0.0,3.6064008260394784,4.478451799614207,0.0,0.0,0.0,0.0,0.0,0.0,0.0,2.260995470283592,0.0,0.0,0.0,0.0,0.024509234908452977,2.165506110539109,0.0,0.0,0.0,0.0,0.0,0.0
Sample_198,0.0,2.2338393711398994,0.0,0.0,0.0,0.8599483926431527,0.0,2.826960421402307,0.0,0.0,0.0,0.0,0.0,1.5969220007665859,0.0,0.0,0.0,0.0,0.0,0.0,0.0,7.466054464308241,0.0,0.12467984220164376,0.0,0.41219173052674585,0.0,0.0,0.0,0.0,0.8736195197447852,0.0,0.7479366789280812,0.0,0.0,1.6339397126178365,0.0,0.0,0.0,3.3836927186337924,0.0,0.0,0.0,0.0,0.2661811686353259,3.8990170663473664,0.0,0.0,0.0,0.0
Sample_199,0.0,0.0,0.0,0.0,0.0,0.0,0.06527280218166717,0.0,0.0,0.0,0.0,0.0,0.0,0.0,0.0,0.028359444096199577,0.0,0.5492069308786417,0.0,0.0,0.0,0.0,0.0,0.0,0.0,0.0,0.0,0.0,0.0,0.0,0.0,0.0,0.0,0.0,0.0,0.8455895929626308,0.0,0.0,1.6543244355219484,0.0,0.0,0.0,0.0,0.0,0.0,1.9317567840835754,0.0,0.0,0.0,8.427246429509712
Sample_200,0.0,0.0,0.0,0.0,0.0,1.2968439338396625,0.0,0.0,1.4963428833202999,0.0,0.0,0.0,0.0,0.0,0.32065189994597926,0.0,0.0,0.0,0.0,0.0,0.0,0.0,0.0,0.0,0.0,0.0,0.0,0.0,0.0,0.0,0.0,0.0,0.0,0.0,0.0,0.0,0.0,0.0,0.0,0.0,0.0,0.0,0.0,0.0,0.0,0.0,0.0,0.0,0.5520519380846891,0.0
